Date,Days,Open,Close,High,Low,Volume
2016-01-07T00:00:00Z,403,16.790000,15.910000,17.320000,15.830000,1944118
2016-01-08T00:00:00Z,404,16.000000,15.550000,16.120000,14.930000,4119800
2016-01-11T00:00:00Z,407,15.600000,14.480000,15.650000,14.295000,2412105
2016-01-12T00:00:00Z,408,14.590000,13.920000,14.820000,13.540000,2677775
2016-01-13T00:00:00Z,409,14.520000,13.340000,14.550000,13.153400,2607428
2016-01-14T00:00:00Z,410,13.520000,14.360000,14.560000,13.240000,3078331
2016-01-15T00:00:00Z,411,13.680000,13.690000,14.020000,12.970000,2214665
2016-01-19T00:00:00Z,415,13.780000,12.580000,14.250000,12.270000,1762323
2016-01-20T00:00:00Z,416,12.130000,13.310000,13.510000,11.130000,3958891
2016-01-21T00:00:00Z,417,12.990000,13.980000,14.195000,12.950000,2321789
2016-01-22T00:00:00Z,418,14.810000,14.580000,15.390000,14.081000,2990194
2016-01-25T00:00:00Z,421,14.140000,13.220000,14.780000,13.210000,1863806
2016-01-26T00:00:00Z,422,13.670000,13.950000,13.970000,13.085000,1653109
2016-01-27T00:00:00Z,423,13.700000,13.910000,14.430000,13.570000,1427432
2016-01-28T00:00:00Z,424,14.870000,15.370000,15.650000,14.730000,1928519
2016-01-29T00:00:00Z,425,15.440000,16.030000,16.060000,15.200000,1602160
2016-02-01T00:00:00Z,428,15.520000,15.000000,15.540000,14.555000,1450897
2016-02-02T00:00:00Z,429,14.220000,14.350000,14.620000,13.990000,1370592
2016-02-03T00:00:00Z,430,14.540000,15.070000,15.070000,13.310000,2903840
2016-02-04T00:00:00Z,431,15.510000,15.460000,15.924000,14.610000,2920432
2016-02-05T00:00:00Z,432,15.460000,15.700000,16.140000,14.742500,3616001
2016-02-08T00:00:00Z,435,15.300000,15.970000,16.460000,14.930000,2984128
2016-02-09T00:00:00Z,436,15.470000,14.390000,15.670000,14.140000,1921756
2016-02-10T00:00:00Z,437,14.140000,14.300000,15.095000,13.820000,1097957
2016-02-11T00:00:00Z,438,13.990000,13.710000,14.030000,12.980000,2977320
2016-02-12T00:00:00Z,439,14.050000,14.720000,14.760000,13.440000,1857812
2016-02-16T00:00:00Z,443,15.120000,15.140000,15.359900,14.880000,2467215
2016-02-17T00:00:00Z,444,15.260000,15.790000,16.080000,15.020000,1839263
2016-02-18T00:00:00Z,445,16.000000,15.130000,16.120000,15.030000,1436858
2016-02-19T00:00:00Z,446,14.990000,15.000000,15.180000,14.620000,1757117
2016-02-22T00:00:00Z,449,15.540000,16.410000,16.680000,15.460000,2121470
2016-02-23T00:00:00Z,450,16.170000,15.350000,16.210000,15.290000,1698123
2016-02-24T00:00:00Z,451,15.110000,15.770000,15.930000,14.900000,1854604
2016-02-25T00:00:00Z,452,15.800000,15.930000,16.700000,14.020900,2186915
2016-02-26T00:00:00Z,453,16.500000,16.540000,17.290000,16.390000,1146152
2016-02-29T00:00:00Z,456,16.530000,16.140000,16.530000,15.940000,1398998
2016-03-01T00:00:00Z,459,16.250000,16.610000,16.610000,15.375000,1806335
2016-03-02T00:00:00Z,460,16.260000,17.960000,17.980000,16.260000,1662901
2016-03-03T00:00:00Z,461,17.990000,19.200000,19.240000,17.660000,2456256
2016-03-04T00:00:00Z,462,19.510000,19.930000,20.780000,18.890000,2461359
2016-03-07T00:00:00Z,465,19.970000,19.820000,20.610000,19.410000,3238509
2016-03-08T00:00:00Z,466,20.000000,18.170000,20.000000,18.020000,7385065
2016-03-09T00:00:00Z,467,18.990000,18.710000,19.340000,18.100000,2279535
2016-03-10T00:00:00Z,468,18.550000,19.040000,19.410000,18.010000,2144222
2016-03-11T00:00:00Z,469,19.465000,20.340000,20.580000,19.465000,2378637
2016-03-14T00:00:00Z,472,19.660000,19.770000,20.330000,19.520000,1102478
2016-03-15T00:00:00Z,473,19.310000,19.460000,19.500000,18.960000,1189486
2016-03-16T00:00:00Z,474,19.750000,20.150000,20.240000,19.450000,1741532
2016-03-17T00:00:00Z,475,20.500000,20.430000,20.680000,20.140000,1919012
2016-03-18T00:00:00Z,476,20.700000,19.990000,20.940000,19.810000,3069993
2016-03-21T00:00:00Z,479,19.980000,19.930000,20.420000,19.790000,1873664
2016-03-22T00:00:00Z,480,19.670000,20.740000,20.920000,19.550000,1055526
2016-03-23T00:00:00Z,481,20.460000,18.770000,20.740000,18.750000,1862746
2016-03-24T00:00:00Z,482,18.100000,18.830000,19.020000,17.540000,1980618
2016-03-28T00:00:00Z,486,18.940000,18.460000,19.030000,18.020000,1155135
2016-03-29T00:00:00Z,487,17.760000,18.740000,18.820000,17.760000,1830112
2016-03-30T00:00:00Z,488,18.660000,18.540000,19.110000,18.230000,2476115
2016-03-31T00:00:00Z,489,18.510000,18.960000,19.240000,18.315000,2820484
2016-04-01T00:00:00Z,490,18.155000,18.950000,19.140000,18.030000,2577573
2016-04-04T00:00:00Z,493,18.940000,18.810000,19.600000,18.590000,1463800
2016-04-05T00:00:00Z,494,18.620000,18.650000,19.020000,18.290000,2038466
2016-04-06T00:00:00Z,495,18.660000,19.640000,19.750000,18.480000,1242646
2016-04-07T00:00:00Z,496,19.440000,19.510000,20.080000,19.210000,1205801
2016-04-08T00:00:00Z,497,20.210000,20.210000,20.460000,19.610000,1333121
2016-04-11T00:00:00Z,500,20.460000,19.980000,20.480000,19.850000,1275780
2016-04-12T00:00:00Z,501,20.080000,21.390000,21.440000,20.080000,2217351
2016-04-13T00:00:00Z,502,21.630000,21.270000,21.630000,20.640000,1296540
2016-04-14T00:00:00Z,503,21.310000,21.630000,21.660000,21.020000,1308578
2016-04-15T00:00:00Z,504,21.310000,21.130000,21.430000,20.700000,823403
2016-04-18T00:00:00Z,507,20.000000,21.440000,21.710000,19.900000,964796
2016-04-19T00:00:00Z,508,21.630000,22.020000,22.480000,21.380000,1484871
2016-04-20T00:00:00Z,509,21.840000,21.570000,22.110000,21.290000,2122464
2016-04-21T00:00:00Z,510,21.760000,21.270000,21.775000,20.850000,1108761
2016-04-22T00:00:00Z,511,21.470000,22.080000,22.230000,21.245000,1164438
2016-04-25T00:00:00Z,514,22.030000,21.420000,22.030000,21.070000,1261757
2016-04-26T00:00:00Z,515,21.650000,22.040000,22.440000,21.290000,1253160
2016-04-27T00:00:00Z,516,22.400000,22.360000,23.040000,22.000000,1475923
2016-04-28T00:00:00Z,517,22.200000,21.770000,22.740000,21.700000,1048459
2016-04-29T00:00:00Z,518,21.800000,21.550000,22.560000,20.950000,1559897
2016-05-02T00:00:00Z,522,21.560000,21.840000,22.040000,21.010000,1497879
2016-05-03T00:00:00Z,523,21.150000,20.830000,21.450000,20.540000,1771683
2016-05-04T00:00:00Z,524,20.310000,19.640000,21.630000,19.400000,2575368
2016-05-05T00:00:00Z,525,20.380000,20.060000,20.960000,19.620000,1713367
2016-05-06T00:00:00Z,526,19.720000,20.080000,20.640000,19.710000,1093552
2016-05-09T00:00:00Z,529,19.830000,19.610000,19.990000,19.230000,1589820
2016-05-10T00:00:00Z,530,19.730000,20.870000,20.955000,19.670000,1273208
2016-05-11T00:00:00Z,531,20.770000,21.250000,21.810000,20.440000,1309545
2016-05-12T00:00:00Z,532,21.740000,21.590000,22.280000,21.040000,993370
2016-05-13T00:00:00Z,533,21.480000,20.700000,21.720000,20.660000,846079
2016-05-16T00:00:00Z,536,21.450000,21.830000,22.100000,21.420000,1188905
2016-05-17T00:00:00Z,537,22.030000,22.500000,22.780000,21.930000,1181520
2016-05-18T00:00:00Z,538,22.490000,22.220000,22.890000,21.970000,1169927
2016-05-19T00:00:00Z,539,21.790000,21.750000,22.020000,21.050000,851234
2016-05-20T00:00:00Z,540,21.850000,22.040000,22.075000,21.060000,847066
2016-05-23T00:00:00Z,543,21.740000,21.910000,22.220000,21.510000,1175576
2016-05-24T00:00:00Z,544,22.170000,22.030000,22.350000,21.560000,898704
2016-05-25T00:00:00Z,545,22.370000,22.540000,22.820000,22.180000,782232
2016-05-26T00:00:00Z,546,22.935000,23.010000,23.230000,22.490000,1135082
2016-05-27T00:00:00Z,547,22.940000,22.470000,22.940000,22.230000,981501
2016-05-31T00:00:00Z,551,22.600000,22.720000,23.180000,22.520000,1170417
2016-06-01T00:00:00Z,552,22.260000,22.860000,22.920000,21.830000,969122
2016-06-02T00:00:00Z,553,22.420000,22.780000,22.800000,22.070000,936384
2016-06-03T00:00:00Z,554,22.890000,22.520000,23.000000,22.260000,1002540
2016-06-06T00:00:00Z,557,22.860000,23.380000,23.395000,22.590000,908431
2016-06-07T00:00:00Z,558,23.750000,24.220000,24.420000,23.365000,1259658
2016-06-08T00:00:00Z,559,24.730000,24.220000,25.540000,24.140000,1131092
2016-06-09T00:00:00Z,560,23.810000,23.710000,24.320000,23.480000,1087372
2016-06-10T00:00:00Z,561,23.130000,22.290000,23.440000,22.260000,715768
2016-06-13T00:00:00Z,564,21.920000,22.100000,22.295000,21.700100,1803927
2016-06-14T00:00:00Z,565,22.050000,22.080000,22.630000,21.475000,1190628
2016-06-15T00:00:00Z,566,21.940000,22.260000,22.780000,21.650000,1296816
2016-06-16T00:00:00Z,567,21.640000,21.660000,21.810000,20.922900,1063604
2016-06-17T00:00:00Z,568,22.266000,22.280000,22.540000,21.910000,1296817
2016-06-20T00:00:00Z,571,22.800000,22.380000,23.250000,22.360000,694983
2016-06-21T00:00:00Z,572,22.180000,22.690000,22.760000,21.630000,1133719
2016-06-22T00:00:00Z,573,22.890000,22.290000,22.970000,21.990100,594016
2016-06-23T00:00:00Z,574,22.600000,22.720000,22.900000,22.300000,856975
2016-06-24T00:00:00Z,575,21.280000,20.680000,21.930000,20.550000,2430863
2016-06-27T00:00:00Z,578,20.130000,19.520000,20.620000,19.280000,1392942
2016-06-28T00:00:00Z,579,20.310000,20.070000,20.520000,19.940000,2144715
2016-06-29T00:00:00Z,580,20.880000,21.170000,21.430000,20.220000,2292299
2016-06-30T00:00:00Z,581,21.130000,19.800000,21.140000,19.610000,3336434
2016-07-01T00:00:00Z,583,19.840000,20.520000,20.670000,19.820000,1308078
2016-07-05T00:00:00Z,587,19.960000,19.760000,20.270000,19.430000,1565887
2016-07-06T00:00:00Z,588,19.850000,20.240000,20.270000,19.498400,1157240
2016-07-07T00:00:00Z,589,20.650000,19.780000,21.050000,19.420000,1371069
2016-07-08T00:00:00Z,590,20.250000,20.790000,20.910000,20.070000,1532686
2016-07-11T00:00:00Z,593,21.030000,20.790000,21.250000,20.680000,1171753
2016-07-12T00:00:00Z,594,21.500000,22.360000,22.790000,21.460000,1297880
2016-07-13T00:00:00Z,595,22.710000,21.790000,22.710000,21.360000,1344587
2016-07-14T00:00:00Z,596,22.340000,22.000000,22.448000,21.880000,1020369
2016-07-15T00:00:00Z,597,22.310000,22.050000,23.000000,21.910000,1079733
2016-07-18T00:00:00Z,600,22.240000,22.240000,22.280000,21.600000,942323
2016-07-19T00:00:00Z,601,22.250000,21.450000,22.250000,21.080000,1503393
2016-07-20T00:00:00Z,602,21.210000,21.220000,21.400000,20.440000,1756124
2016-07-21T00:00:00Z,603,21.320000,21.070000,22.020000,21.040000,1692582
2016-07-22T00:00:00Z,604,21.240000,21.080000,21.300000,20.780100,1025201
2016-07-25T00:00:00Z,607,20.770000,20.090000,20.850000,19.900000,1261961
2016-07-26T00:00:00Z,608,19.900000,20.350000,20.360000,19.690000,1161303
2016-07-27T00:00:00Z,609,20.510000,19.780000,20.885000,19.640000,1906540
2016-07-28T00:00:00Z,610,19.780000,20.300000,20.560000,19.780000,1836442
2016-07-29T00:00:00Z,611,19.970000,21.090000,21.150000,19.920000,1591978
2016-08-01T00:00:00Z,614,20.910000,19.540000,21.150000,19.440000,1469345
2016-08-02T00:00:00Z,615,19.700000,19.310000,19.980000,18.560000,2461919
2016-08-03T00:00:00Z,616,19.290000,20.050000,20.150000,18.870000,1900845
2016-08-04T00:00:00Z,617,19.990000,21.190000,22.880000,19.920000,4634592
2016-08-05T00:00:00Z,618,21.430000,21.600000,21.670000,20.640000,1635345
2016-08-08T00:00:00Z,621,21.620000,21.920000,22.460000,21.370000,1484627
2016-08-09T00:00:00Z,622,22.110000,22.080000,22.460000,21.640000,1901897
2016-08-10T00:00:00Z,623,22.340000,22.070000,22.840000,21.970000,1597284
2016-08-11T00:00:00Z,624,22.470000,22.940000,23.360000,22.015000,1281158
2016-08-12T00:00:00Z,625,23.120000,23.050000,23.150000,22.410000,1261065
2016-08-15T00:00:00Z,628,23.290000,23.660000,23.910000,23.270000,1157977
2016-08-16T00:00:00Z,629,23.540000,23.490000,23.770000,23.160000,1046755
2016-08-17T00:00:00Z,630,23.360000,23.140000,23.470000,22.490000,1346135
2016-08-18T00:00:00Z,631,23.280000,24.270000,24.390000,23.230000,1260867
2016-08-19T00:00:00Z,632,24.170000,23.520000,24.170000,23.440000,1751298
2016-08-22T00:00:00Z,635,23.070000,22.700000,23.105000,22.590000,1447086
2016-08-23T00:00:00Z,636,22.570000,22.850000,23.120000,22.570000,1674269
2016-08-24T00:00:00Z,637,22.580000,23.360000,23.590000,22.540000,2175361
2016-08-25T00:00:00Z,638,23.310000,23.600000,24.060000,23.200000,1574409
2016-08-26T00:00:00Z,639,23.830000,23.900000,24.380000,23.520000,1438147
2016-08-29T00:00:00Z,642,23.840000,24.060000,24.410000,23.580000,1080253
2016-08-30T00:00:00Z,643,24.470000,23.440000,24.470000,23.260000,1731979
2016-08-31T00:00:00Z,644,23.260000,22.950000,23.440000,22.520000,1273241
2016-09-01T00:00:00Z,645,22.810000,23.000000,23.030000,22.420000,1085603
2016-09-02T00:00:00Z,646,23.600000,23.720000,24.100000,23.385000,1214452
2016-09-06T00:00:00Z,650,23.920000,23.940000,24.240000,23.600000,1048097
2016-09-07T00:00:00Z,651,24.150000,24.080000,24.300000,23.645000,1700434
2016-09-08T00:00:00Z,652,24.380000,24.060000,24.400000,23.570000,1944325
2016-09-09T00:00:00Z,653,23.580000,22.860000,23.970000,22.860000,1315581
2016-09-12T00:00:00Z,656,22.470000,22.930000,23.135000,22.180000,1185489
2016-09-13T00:00:00Z,657,22.300000,21.630000,22.420000,21.220000,1474973
2016-09-14T00:00:00Z,658,21.460000,20.930000,21.860000,20.905000,1226919
2016-09-15T00:00:00Z,659,21.040000,21.180000,21.630000,20.810000,1377232
2016-09-16T00:00:00Z,660,20.780000,20.690000,20.890000,20.350000,1998754
2016-09-19T00:00:00Z,663,20.990000,21.000000,21.285000,20.630000,1492243
2016-09-20T00:00:00Z,664,20.900000,20.490000,20.960000,20.450000,1259586
2016-09-21T00:00:00Z,665,21.160000,21.950000,22.020000,20.820000,1718130
2016-09-22T00:00:00Z,666,22.460000,22.340000,22.790000,22.295000,1983770
2016-09-23T00:00:00Z,667,22.200000,21.200000,22.660000,21.020000,1490504
2016-09-26T00:00:00Z,670,21.300000,21.070000,21.680000,20.980000,1499383
2016-09-27T00:00:00Z,671,20.680000,20.470000,20.690000,19.985000,1876039
2016-09-28T00:00:00Z,672,20.620000,23.030000,23.060000,20.420000,2993135
2016-09-29T00:00:00Z,673,23.050000,23.970000,24.460000,22.930000,2363498
2016-09-30T00:00:00Z,674,24.200000,24.340000,24.710000,23.760000,2102573
2016-10-03T00:00:00Z,678,24.475000,23.590000,24.490000,23.300000,1761255
2016-10-04T00:00:00Z,679,23.890000,22.990000,23.920000,22.960000,1889279
2016-10-05T00:00:00Z,680,23.555000,23.820000,24.070000,23.090000,1534835
2016-10-06T00:00:00Z,681,23.950000,23.940000,24.280000,23.340000,1541604
2016-10-07T00:00:00Z,682,23.770100,23.680000,24.180000,23.495000,1477868
2016-10-10T00:00:00Z,685,23.790000,24.270000,24.430000,23.790000,1381324
2016-10-11T00:00:00Z,686,24.170000,24.200000,24.440000,23.810000,1353197
2016-10-12T00:00:00Z,687,23.970000,23.880000,24.360000,23.420000,1996309
2016-10-13T00:00:00Z,688,23.590000,23.670000,23.930000,23.300000,1289046
2016-10-14T00:00:00Z,689,23.660000,23.230000,23.980000,23.060000,1028877
2016-10-17T00:00:00Z,692,23.030000,23.270000,23.390000,22.820000,1035801
2016-10-18T00:00:00Z,693,23.830000,23.080000,23.870000,22.900000,764124
2016-10-19T00:00:00Z,694,23.380000,23.660000,24.230000,23.210000,961529
2016-10-20T00:00:00Z,695,23.340000,23.380000,23.760000,22.985000,987222
2016-10-21T00:00:00Z,696,23.050000,23.940000,24.210000,23.030000,1297903
2016-10-24T00:00:00Z,699,24.040000,24.110000,24.750000,23.470000,1919491
2016-10-25T00:00:00Z,700,24.010000,23.310000,24.010000,23.130000,1312189
2016-10-26T00:00:00Z,701,23.000000,22.700000,23.470000,22.325000,1735799
2016-10-27T00:00:00Z,702,22.940000,22.560000,23.170000,22.495000,937720
2016-10-28T00:00:00Z,703,22.420000,22.290000,23.190000,22.140000,1357674
2016-10-31T00:00:00Z,706,22.110000,21.810000,22.110000,21.430000,1580916
2016-11-01T00:00:00Z,707,22.180000,22.640000,22.820000,21.590000,2679861
2016-11-02T00:00:00Z,708,22.490000,21.310000,22.490000,20.760000,2573686
2016-11-03T00:00:00Z,709,21.900000,21.000000,21.900000,20.770000,1572076
2016-11-04T00:00:00Z,710,20.890000,20.670000,21.350000,20.450000,1899000
2016-11-07T00:00:00Z,713,21.240000,21.280000,21.600000,20.930000,1583641
2016-11-08T00:00:00Z,714,21.040000,21.850000,21.990000,20.960000,1064073
2016-11-09T00:00:00Z,715,22.030000,22.900000,23.040000,21.660000,1297573
2016-11-10T00:00:00Z,716,22.750000,23.260000,23.510000,22.450000,1106971
2016-11-11T00:00:00Z,717,23.070000,23.300000,23.550000,22.550000,1534496
2016-11-14T00:00:00Z,720,23.270000,23.380000,23.430000,22.600000,1071118
2016-11-15T00:00:00Z,721,23.980000,24.710000,25.250000,23.700000,1908286
2016-11-16T00:00:00Z,722,24.780000,24.260000,25.170000,24.060000,1649992
2016-11-17T00:00:00Z,723,24.800000,24.000000,24.990000,23.810000,1466084
2016-11-18T00:00:00Z,724,24.185000,24.510000,24.880000,23.700000,1399595
2016-11-21T00:00:00Z,727,25.270000,25.740000,25.740000,25.050000,1347333
2016-11-22T00:00:00Z,728,25.740000,25.680000,25.940000,25.230000,1891800
2016-11-23T00:00:00Z,729,25.420000,25.790000,25.950000,25.280000,823284
2016-11-25T00:00:00Z,731,25.600000,25.410000,25.860000,25.260000,334181
2016-11-28T00:00:00Z,734,25.350000,23.710000,25.540000,23.600000,1043360
2016-11-29T00:00:00Z,735,22.790000,22.680000,23.360000,22.240000,2472643
2016-11-30T00:00:00Z,736,24.620000,26.640000,27.300000,24.620000,4123812
2016-12-01T00:00:00Z,738,27.500000,26.320000,27.710000,26.040000,2194321
2016-12-02T00:00:00Z,739,26.040000,25.660000,26.335000,25.180000,1590920
2016-12-05T00:00:00Z,742,26.250000,25.430000,26.420000,25.280000,1888656
2016-12-06T00:00:00Z,743,24.740000,24.940000,25.050000,24.270000,6145575
2016-12-07T00:00:00Z,744,24.850000,24.800000,25.245000,24.600000,1927126
2016-12-08T00:00:00Z,745,25.110000,25.620000,25.670000,24.880000,1947118
2016-12-09T00:00:00Z,746,25.930000,25.970000,26.470000,25.443000,1245956
2016-12-12T00:00:00Z,749,27.140000,26.150000,27.570000,25.990000,1307097
2016-12-13T00:00:00Z,750,26.610000,26.440000,27.220000,26.150000,1445121
2016-12-14T00:00:00Z,751,25.810000,25.420000,26.173400,25.190000,1374728
2016-12-15T00:00:00Z,752,25.190000,26.000000,26.330000,24.810000,1813228
2016-12-16T00:00:00Z,753,26.200000,25.920000,26.200000,25.190000,2273917
2016-12-19T00:00:00Z,756,25.720000,26.040000,26.340000,25.500000,1204683
2016-12-20T00:00:00Z,757,26.450000,25.280000,26.450000,25.250000,1221996
2016-12-21T00:00:00Z,758,25.620000,25.070000,25.750000,25.000000,670707
2016-12-22T00:00:00Z,759,25.190000,25.120000,25.400000,24.980000,507275
2016-12-23T00:00:00Z,760,24.950000,25.460000,25.480000,24.940100,499028
2016-12-27T00:00:00Z,764,25.500000,26.220000,26.260000,25.500000,815622
2016-12-28T00:00:00Z,765,26.290000,25.840000,26.390000,25.650000,635012
2016-12-29T00:00:00Z,766,25.720000,26.010000,26.069000,25.500000,911727
2016-12-30T00:00:00Z,767,25.860000,25.760000,26.210000,25.610000,596124
2017-01-03T00:00:00Z,764,26.340000,26.190000,26.660000,25.450000,1320457
2017-01-04T00:00:00Z,765,26.420000,26.980000,26.990000,26.090000,1180926
2017-01-05T00:00:00Z,766,27.050000,26.950000,27.400000,26.610000,1045050
2017-01-06T00:00:00Z,767,27.080000,26.530000,27.270000,26.430000,889542
2017-01-09T00:00:00Z,770,26.280000,25.340000,26.280000,25.300000,1015025
2017-01-10T00:00:00Z,771,25.430000,25.230000,25.650000,25.050000,981030
2017-01-11T00:00:00Z,772,25.420000,25.010000,25.420000,24.800000,1427647
2017-01-12T00:00:00Z,773,25.470000,24.440000,25.470000,24.090000,1282912
2017-01-13T00:00:00Z,774,24.360000,24.320000,24.695000,24.100000,1250218
2017-01-17T00:00:00Z,778,24.920000,24.670000,25.055000,24.320000,1258540
2017-01-18T00:00:00Z,779,24.250000,24.400000,24.670000,24.020000,979139
2017-01-19T00:00:00Z,780,24.520000,24.460000,24.670000,24.130000,620713
2017-01-20T00:00:00Z,781,24.770000,25.190000,25.580000,24.770000,1185873
2017-01-23T00:00:00Z,784,24.900000,25.120000,25.220000,24.790000,991967
2017-01-24T00:00:00Z,785,25.350000,26.150000,26.440000,25.310000,1422921
2017-01-25T00:00:00Z,786,26.030000,26.880000,26.990000,26.030000,1098702
2017-01-26T00:00:00Z,787,27.180000,27.140000,27.720000,27.000000,1315051
2017-01-27T00:00:00Z,788,26.820000,26.620000,27.150000,26.160000,1035933
2017-01-30T00:00:00Z,791,26.450000,25.820000,26.480000,25.520000,1456150
2017-01-31T00:00:00Z,792,26.020000,26.330000,26.340000,25.410000,1112680
2017-02-01T00:00:00Z,793,26.470000,26.020000,26.550000,25.620000,1044148
2017-02-02T00:00:00Z,794,25.970000,26.320000,26.515000,25.460000,1181736
2017-02-03T00:00:00Z,795,27.000000,28.460000,28.490000,27.000000,1840994
2017-02-06T00:00:00Z,798,28.470000,27.730000,28.510000,27.480000,1073160
2017-02-07T00:00:00Z,799,27.400000,27.090000,27.730000,26.690000,1163186
2017-02-08T00:00:00Z,800,26.740000,26.270000,27.100000,25.910000,1812168
2017-02-09T00:00:00Z,801,26.740000,26.950000,27.150000,26.540000,731603
2017-02-10T00:00:00Z,802,27.510000,27.260000,27.700000,27.100000,768431
2017-02-13T00:00:00Z,805,27.110000,26.880000,27.420000,26.730000,648404
2017-02-14T00:00:00Z,806,26.930000,26.970000,27.030000,26.570000,1148469
2017-02-15T00:00:00Z,807,26.730000,27.260000,27.460000,26.650000,776598
2017-02-16T00:00:00Z,808,27.300000,26.860000,27.580000,26.780000,667351
2017-02-17T00:00:00Z,809,27.020000,26.800000,27.770000,26.700000,2925893
2017-02-21T00:00:00Z,813,27.200000,26.740000,27.370000,26.725000,1768742
2017-02-22T00:00:00Z,814,26.440000,25.560000,26.790000,25.540000,1678652
2017-02-23T00:00:00Z,815,25.530000,25.300000,26.550000,24.920000,1835326
2017-02-24T00:00:00Z,816,24.960000,24.420000,25.060000,24.320000,1875054
2017-02-27T00:00:00Z,819,24.650000,24.560000,24.899900,24.390000,1410480
2017-02-28T00:00:00Z,820,24.280000,24.070000,24.460000,23.900000,1398386
2017-03-01T00:00:00Z,824,24.570000,24.970000,25.045000,24.300000,1398352
2017-03-02T00:00:00Z,825,24.740000,24.090000,25.060000,24.070000,791279
2017-03-03T00:00:00Z,826,24.250000,23.900000,24.460000,23.740000,875252
2017-03-06T00:00:00Z,829,23.930000,24.020000,24.100000,23.560000,1319975
2017-03-07T00:00:00Z,830,24.110000,23.940000,24.340000,23.310000,1445489
2017-03-08T00:00:00Z,831,23.730000,22.540000,23.990000,22.500000,1633615
2017-03-09T00:00:00Z,832,22.530000,23.510000,23.610000,22.214300,2023889
2017-03-10T00:00:00Z,833,23.720000,23.320000,23.870000,22.960000,1330386
2017-03-13T00:00:00Z,836,23.350000,23.130000,23.640000,22.920000,1283143
2017-03-14T00:00:00Z,837,22.660000,22.920000,23.070000,22.220000,1177873
2017-03-15T00:00:00Z,838,23.420000,23.880000,24.005000,23.180000,1815375
2017-03-16T00:00:00Z,839,23.930000,23.260000,23.930000,23.060000,1076907
2017-03-17T00:00:00Z,840,23.410000,23.100000,23.570000,22.960000,1822560
2017-03-20T00:00:00Z,843,22.734100,23.060000,23.170000,22.560000,1237702
2017-03-21T00:00:00Z,844,23.170000,22.660000,23.480000,22.580000,1494333
2017-03-22T00:00:00Z,845,22.330000,22.090000,22.880000,21.870000,1331323
2017-03-23T00:00:00Z,846,21.950000,21.850000,22.160000,21.310000,2264849
2017-03-24T00:00:00Z,847,22.020000,21.840000,22.190000,21.650000,1811839
2017-03-27T00:00:00Z,850,21.250000,22.190000,22.280000,21.150000,1511113
2017-03-28T00:00:00Z,851,22.220000,22.840000,22.920000,22.140000,1476637
2017-03-29T00:00:00Z,852,22.720000,23.330000,23.350000,22.590000,1391616
2017-03-30T00:00:00Z,853,23.670000,23.430000,23.760000,23.100000,1439681
2017-03-31T00:00:00Z,854,23.290000,23.790000,23.870000,23.270000,1045748
2017-04-03T00:00:00Z,857,23.830000,23.680000,23.940000,23.130000,947786
2017-04-04T00:00:00Z,858,23.690000,23.990000,24.145000,23.550000,998308
2017-04-05T00:00:00Z,859,24.260000,23.830000,24.620000,23.610000,3142070
2017-04-06T00:00:00Z,860,23.935000,24.070000,24.380000,23.760000,1206535
2017-04-07T00:00:00Z,861,24.080000,23.690000,24.219000,23.650000,1207453
2017-04-10T00:00:00Z,864,23.870000,24.120000,24.270000,23.760000,655432
2017-04-11T00:00:00Z,865,24.040000,24.100000,24.350000,23.870000,900708
2017-04-12T00:00:00Z,866,24.050000,23.310000,24.290000,23.250000,1231119
2017-04-13T00:00:00Z,867,23.420000,22.360000,23.490000,22.250000,1397800
2017-04-17T00:00:00Z,871,22.400000,22.670000,22.690000,22.170000,958825
2017-04-18T00:00:00Z,872,22.310000,22.210000,22.670000,21.960000,1243562
2017-04-19T00:00:00Z,873,22.280000,21.220000,22.470000,21.190000,2016407
2017-04-20T00:00:00Z,874,21.330000,21.420000,21.710000,21.170000,1130317
2017-04-21T00:00:00Z,875,21.300000,21.760000,21.915000,21.220000,1795380
2017-04-24T00:00:00Z,878,22.070000,22.030000,22.140000,21.640000,2133443
2017-04-25T00:00:00Z,879,22.280000,22.730000,22.790000,21.840000,1562516
2017-04-26T00:00:00Z,880,22.590000,22.790000,23.300000,22.500000,1740880
2017-04-27T00:00:00Z,881,22.460000,21.930000,22.460000,21.510000,1122281
2017-04-28T00:00:00Z,882,22.210000,21.680000,22.210000,21.530000,908232
2017-05-01T00:00:00Z,886,21.630000,21.710000,21.940000,21.320000,1149547
2017-05-02T00:00:00Z,887,21.860000,21.430000,22.260000,21.270000,1212679
2017-05-03T00:00:00Z,888,21.330000,21.880000,22.055000,21.070000,1632907
2017-05-04T00:00:00Z,889,22.140000,22.090000,23.180000,21.300000,3739330
2017-05-05T00:00:00Z,890,22.300000,23.410000,23.410000,22.077100,2268266
2017-05-08T00:00:00Z,893,23.420000,23.870000,24.060000,23.190000,2047289
2017-05-09T00:00:00Z,894,23.970000,23.790000,24.080000,23.420000,1781713
2017-05-10T00:00:00Z,895,24.299000,24.310000,24.710000,23.890000,2561691
2017-05-11T00:00:00Z,896,24.430000,23.750000,24.600000,23.715000,1202056
2017-05-12T00:00:00Z,897,23.710000,23.500000,23.958300,23.370000,1321190
2017-05-15T00:00:00Z,900,24.320000,23.720000,24.620000,23.590000,1031423
2017-05-16T00:00:00Z,901,23.960000,23.610000,24.080000,23.310000,1222216
2017-05-17T00:00:00Z,902,23.230000,23.330000,23.720000,23.140000,1601291
2017-05-18T00:00:00Z,903,23.210000,23.260000,23.810000,22.940000,1215994
2017-05-19T00:00:00Z,904,23.410000,24.350000,24.425000,23.350000,1356316
2017-05-22T00:00:00Z,907,24.355000,23.910000,24.630000,23.838200,1204673
2017-05-23T00:00:00Z,908,23.980000,24.020000,24.140000,23.700000,850307
2017-05-24T00:00:00Z,909,23.890000,23.480000,24.440000,23.430000,1024299
2017-05-25T00:00:00Z,910,23.250000,22.700000,24.010000,22.370000,1358937
2017-05-26T00:00:00Z,911,23.670000,23.890000,24.285000,23.480000,4709909
2017-05-30T00:00:00Z,915,23.670000,23.600000,24.000000,23.420000,3244502
2017-05-31T00:00:00Z,916,23.250000,22.790000,23.600000,22.550000,2734851
2017-06-01T00:00:00Z,917,22.890000,23.450000,23.890000,22.660000,16802380
2017-06-02T00:00:00Z,918,23.290000,23.180000,23.460000,22.690000,2561358
2017-06-05T00:00:00Z,921,22.960000,22.890000,23.210000,22.755000,1696356
2017-06-06T00:00:00Z,922,22.700000,23.640000,23.660000,22.550000,1647916
2017-06-07T00:00:00Z,923,23.340000,22.260000,23.740000,22.140000,2658496
2017-06-08T00:00:00Z,924,22.080000,22.270000,22.515000,21.830000,2510748
2017-06-09T00:00:00Z,925,22.370000,23.150000,23.370000,22.180000,2248774
2017-06-12T00:00:00Z,928,23.350000,23.420000,23.670000,22.830000,2819713
2017-06-13T00:00:00Z,929,23.450000,23.850000,23.970000,23.160000,1737703
2017-06-14T00:00:00Z,930,23.710000,22.980000,23.750000,22.600000,2206486
2017-06-15T00:00:00Z,931,22.770000,21.600000,23.150000,21.445000,1982053
2017-06-16T00:00:00Z,932,21.540000,21.620000,21.809900,21.165000,2919066
2017-06-19T00:00:00Z,935,21.520000,21.480000,21.715000,21.210000,1419797
2017-06-20T00:00:00Z,936,21.000000,21.740000,21.900000,20.735000,2158259
2017-06-21T00:00:00Z,937,21.540000,21.140000,22.030000,20.890000,2224421
2017-06-22T00:00:00Z,938,21.250000,20.580000,21.600000,20.540000,2216115
2017-06-23T00:00:00Z,939,20.600000,20.740000,20.860000,20.310000,2427277
2017-06-26T00:00:00Z,942,20.810000,20.550000,20.896400,20.290000,1763558
2017-06-27T00:00:00Z,943,20.680000,20.300000,20.780000,20.300000,1440735
2017-06-28T00:00:00Z,944,20.360000,20.620000,20.955000,20.130000,1491284
2017-06-29T00:00:00Z,945,20.610000,21.010000,21.180000,20.580000,2511641
2017-06-30T00:00:00Z,946,21.170000,21.370000,21.640000,20.760000,1669035
2017-07-03T00:00:00Z,950,21.520000,21.980000,22.060000,21.510000,714197
2017-07-05T00:00:00Z,952,21.620000,21.510000,21.740000,21.070000,1710892
2017-07-06T00:00:00Z,953,21.690000,21.060000,22.070000,20.990000,1755977
2017-07-07T00:00:00Z,954,20.730000,21.120000,21.220000,20.519900,1450120
2017-07-10T00:00:00Z,957,21.050000,21.650000,21.840000,20.890000,987243
2017-07-11T00:00:00Z,958,21.720000,21.950000,22.010000,21.290000,1489837
2017-07-12T00:00:00Z,959,22.260000,22.040000,22.730000,21.790000,2210741
2017-07-13T00:00:00Z,960,22.050000,22.530000,22.550000,21.880000,1668989
2017-07-14T00:00:00Z,961,22.590000,22.760000,22.960000,22.394100,1561218
2017-07-17T00:00:00Z,964,22.720000,22.960000,23.160000,22.720000,1182682
2017-07-18T00:00:00Z,965,23.250000,22.620000,23.330000,22.400000,1269295
2017-07-19T00:00:00Z,966,22.470000,23.490000,23.660000,22.460000,1453228
2017-07-20T00:00:00Z,967,23.620800,23.110000,23.910000,23.050000,1236429
2017-07-21T00:00:00Z,968,23.400000,22.970000,23.660000,22.810000,2162768
2017-07-24T00:00:00Z,971,23.110000,23.320000,23.660000,22.940000,1659055
2017-07-25T00:00:00Z,972,23.820000,24.310000,24.640000,23.780000,1780943
2017-07-26T00:00:00Z,973,24.530000,24.190000,25.030000,24.180000,1669041
2017-07-27T00:00:00Z,974,24.350000,24.630000,24.680000,24.100000,1139251
2017-07-28T00:00:00Z,975,24.570000,24.740000,25.080000,24.520000,971969
2017-07-31T00:00:00Z,978,24.650000,24.260000,24.790000,24.181000,1501921
2017-08-01T00:00:00Z,979,24.260000,24.000000,24.345000,23.829400,1454370
2017-08-02T00:00:00Z,980,23.670000,24.040000,24.169900,23.320000,1551689
2017-08-03T00:00:00Z,981,24.250000,21.860000,24.560000,21.810000,2880723
2017-08-04T00:00:00Z,982,21.900000,23.420000,23.480000,21.900000,2033435
2017-08-07T00:00:00Z,985,23.370000,23.790000,23.900000,23.226300,1733219
2017-08-08T00:00:00Z,986,23.680000,23.710000,24.440000,23.610000,2083815
2017-08-09T00:00:00Z,987,23.870000,24.280000,24.336700,23.860000,1214650
2017-08-10T00:00:00Z,988,24.270000,24.170000,24.770000,24.160000,1558575
2017-08-11T00:00:00Z,989,23.980000,24.250000,24.515000,23.900000,1205173
2017-08-14T00:00:00Z,992,24.320000,23.590000,24.320000,23.510000,1195047
2017-08-15T00:00:00Z,993,23.510000,23.730000,23.780000,23.130000,868798
2017-08-16T00:00:00Z,994,23.720000,23.560000,23.990000,23.300000,698044
2017-08-17T00:00:00Z,995,23.220000,22.860000,23.910000,22.860000,1115873
2017-08-18T00:00:00Z,996,22.840000,23.240000,23.550000,22.810000,1185605
2017-08-21T00:00:00Z,999,23.200000,23.010000,23.200000,22.790000,940492
2017-08-22T00:00:00Z,1000,23.160000,23.230000,23.400000,23.065000,590657
2017-08-23T00:00:00Z,1001,23.100000,23.320000,23.680000,23.030000,778703
2017-08-24T00:00:00Z,1002,23.110000,23.260000,23.500000,23.060000,670488
2017-08-25T00:00:00Z,1003,23.380000,23.340000,23.520000,23.250000,487673
2017-08-28T00:00:00Z,1006,23.340000,23.250000,23.383300,22.660000,697966
2017-08-29T00:00:00Z,1007,22.966000,22.960000,23.250000,22.620000,701423
2017-08-30T00:00:00Z,1008,22.810000,22.940000,23.070000,22.520000,906747
2017-08-31T00:00:00Z,1009,23.230000,23.580000,23.750000,23.050000,1022298
2017-09-01T00:00:00Z,1010,23.670000,23.920000,24.080000,23.330000,921524
2017-09-05T00:00:00Z,1014,24.160000,23.780000,24.342500,23.540000,1030443
2017-09-06T00:00:00Z,1015,23.940000,24.440000,24.480000,23.840000,1284999
2017-09-07T00:00:00Z,1016,24.320000,24.200000,24.370000,23.650000,1263185
2017-09-08T00:00:00Z,1017,24.110000,23.010000,24.110000,22.890000,1156766
2017-09-11T00:00:00Z,1020,23.100000,23.040000,23.490000,22.870000,1030704
2017-09-12T00:00:00Z,1021,23.150000,23.280000,23.740000,23.060000,1319691
2017-09-13T00:00:00Z,1022,23.370000,24.010000,24.280000,23.280000,1728557
2017-09-14T00:00:00Z,1023,24.300000,23.940000,24.570000,23.660000,1551106
2017-09-15T00:00:00Z,1024,24.050000,24.390000,24.440000,23.820000,2106690
2017-09-18T00:00:00Z,1027,24.230000,24.750000,24.790000,24.200000,1113426
2017-09-19T00:00:00Z,1028,24.989900,24.740000,25.080000,24.460000,992829
2017-09-20T00:00:00Z,1029,24.940000,25.410000,25.620000,24.800000,1033408
2017-09-21T00:00:00Z,1030,25.330000,25.680000,25.705000,24.980000,925978
2017-09-22T00:00:00Z,1031,25.590000,25.470000,25.820000,25.430000,810368
2017-09-25T00:00:00Z,1034,25.930000,26.760000,26.975000,25.880000,1655432
2017-09-26T00:00:00Z,1035,26.650000,26.990000,27.290000,26.510000,1541077
2017-09-27T00:00:00Z,1036,27.220000,27.350000,27.560000,26.680000,1263406
2017-09-28T00:00:00Z,1037,27.430000,27.340000,27.780000,27.110000,1362356
2017-09-29T00:00:00Z,1038,27.320000,27.150000,27.470000,26.980000,1048332
2017-10-02T00:00:00Z,1042,26.600000,27.180000,27.290000,26.340000,1135236
2017-10-03T00:00:00Z,1043,27.080000,27.670000,27.700000,27.060000,1277254
2017-10-04T00:00:00Z,1044,27.690000,27.320000,27.875000,27.130000,673444
2017-10-05T00:00:00Z,1045,26.300000,26.480000,26.970000,25.820000,10831918
2017-10-06T00:00:00Z,1046,26.060000,25.940000,26.630000,25.870000,2364729
2017-10-09T00:00:00Z,1049,25.960000,26.150000,26.260000,25.910000,1157311
2017-10-10T00:00:00Z,1050,26.560000,25.730000,26.630000,25.720000,1914219
2017-10-11T00:00:00Z,1051,25.870000,26.000000,26.060000,25.480000,1120091
2017-10-12T00:00:00Z,1052,25.690000,25.840000,26.070000,25.480000,1175491
2017-10-13T00:00:00Z,1053,26.030000,25.840000,26.200000,25.800000,877048
2017-10-16T00:00:00Z,1056,26.120000,26.540000,26.578000,26.120000,1195800
2017-10-17T00:00:00Z,1057,26.680000,26.490000,26.840000,26.340000,1072302
2017-10-18T00:00:00Z,1058,26.430000,26.260000,26.790000,26.260000,1123369
2017-10-19T00:00:00Z,1059,26.040000,25.840000,26.250000,25.680000,1040536
2017-10-20T00:00:00Z,1060,25.970000,25.790000,26.042700,25.605000,1064780
2017-10-23T00:00:00Z,1063,25.860000,25.400000,25.950000,25.380000,893590
2017-10-24T00:00:00Z,1064,25.700000,25.110000,25.950000,24.950000,1111716
2017-10-25T00:00:00Z,1065,24.890000,24.730000,25.090000,24.280000,1351334
2017-10-26T00:00:00Z,1066,24.790000,24.730000,24.790000,24.040000,1746265
2017-10-27T00:00:00Z,1067,24.580000,25.530000,25.680000,24.463100,1077872
2017-10-30T00:00:00Z,1070,25.730000,26.050000,26.380000,25.680600,1877979
2017-10-31T00:00:00Z,1071,26.090000,26.550000,26.645000,25.840000,1443590
2017-11-01T00:00:00Z,1072,26.910000,27.060000,27.210000,26.690000,1615951
2017-11-02T00:00:00Z,1073,26.910000,26.720000,27.030000,26.440000,1018546
2017-11-03T00:00:00Z,1074,26.740000,27.000000,27.380000,26.490000,1321931
2017-11-06T00:00:00Z,1077,27.309900,28.190000,28.290000,27.120000,1938959
2017-11-07T00:00:00Z,1078,28.700000,28.320000,29.480000,28.050000,3694408
2017-11-08T00:00:00Z,1079,28.180000,27.980000,28.600000,27.680000,1646512
2017-11-09T00:00:00Z,1080,27.910000,28.600000,28.800000,27.860000,1558270
2017-11-10T00:00:00Z,1081,28.600000,28.830000,29.000000,28.410000,1547333
2017-11-13T00:00:00Z,1084,29.140000,28.250000,29.440000,28.210000,1847811
2017-11-14T00:00:00Z,1085,28.030000,27.710000,28.513200,27.530000,1406831
2017-11-15T00:00:00Z,1086,27.375000,27.080000,27.400000,26.780000,1545713
2017-11-16T00:00:00Z,1087,27.090000,26.980000,27.380000,26.820000,947668
2017-11-17T00:00:00Z,1088,27.190000,27.060000,27.405000,26.960000,979259
2017-11-20T00:00:00Z,1091,26.930000,27.030000,27.130000,26.260000,1017159
2017-11-21T00:00:00Z,1092,27.250000,27.560000,27.630000,27.120000,774249
2017-11-22T00:00:00Z,1093,27.920000,28.070000,28.310000,27.920000,711206
2017-11-24T00:00:00Z,1095,28.260000,28.360000,28.475000,28.160000,421934
2017-11-27T00:00:00Z,1098,28.090000,27.540000,28.140000,27.450000,1089377
2017-11-28T00:00:00Z,1099,27.530000,27.990000,28.140000,27.280000,619467
2017-11-29T00:00:00Z,1100,27.900000,27.870000,28.320000,27.425000,917833
2017-11-30T00:00:00Z,1101,28.175600,28.600000,29.110000,28.040000,1277025
2017-12-01T00:00:00Z,1103,28.880000,29.140000,29.760000,28.640000,1625875
2017-12-04T00:00:00Z,1106,29.140000,28.320000,29.490000,28.260000,967957
2017-12-05T00:00:00Z,1107,28.151400,27.890000,28.580000,27.890000,865545
2017-12-06T00:00:00Z,1108,27.900000,27.150000,27.900000,27.060000,1706841
2017-12-07T00:00:00Z,1109,27.240000,27.850000,27.940000,27.110000,1253667
2017-12-08T00:00:00Z,1110,28.280000,27.610000,28.780000,27.470000,2821780
2017-12-11T00:00:00Z,1113,27.660000,27.730000,28.140000,27.530000,976211
2017-12-12T00:00:00Z,1114,27.810000,27.400000,27.910000,27.180000,836911
2017-12-13T00:00:00Z,1115,27.600000,27.250000,27.630000,27.080000,2348473
2017-12-14T00:00:00Z,1116,27.080000,26.970000,27.530000,26.960000,927351
2017-12-15T00:00:00Z,1117,27.100000,26.650000,27.150000,26.620000,2338878
2017-12-18T00:00:00Z,1120,26.770000,27.500000,27.730000,26.760000,876027
2017-12-19T00:00:00Z,1121,27.540000,27.500000,28.020000,27.400000,674224
2017-12-20T00:00:00Z,1122,27.690000,28.510000,28.550000,27.480000,1491916
2017-12-21T00:00:00Z,1123,28.520000,29.920000,30.040000,28.400000,1975921
2017-12-22T00:00:00Z,1124,30.010000,30.230000,30.710000,29.700000,793269
2017-12-26T00:00:00Z,1128,30.390000,31.350000,31.400000,30.168300,843995
2017-12-27T00:00:00Z,1129,31.190000,31.120000,31.460000,30.780000,932611
2017-12-28T00:00:00Z,1130,31.120000,31.320000,31.410000,31.070000,931794
2017-12-29T00:00:00Z,1131,31.500000,31.130000,31.590000,30.760000,795480
2018-01-02T00:00:00Z,1128,31.400000,31.590000,31.770000,31.310000,1113600
2018-01-03T00:00:00Z,1129,31.710000,31.920000,32.270000,31.710000,994504
2018-01-04T00:00:00Z,1130,31.960000,32.250000,32.350000,31.490000,957663
2018-01-05T00:00:00Z,1131,32.030000,31.550000,32.270000,31.480000,1106278
2018-01-08T00:00:00Z,1134,31.640000,32.190000,32.330000,31.370000,1190536
2018-01-09T00:00:00Z,1135,32.280000,31.560000,32.430000,31.510000,1122712
2018-01-10T00:00:00Z,1136,31.630000,31.830000,31.970000,31.270000,902707
2018-01-11T00:00:00Z,1137,32.050000,32.730000,33.395000,31.990000,1606407
2018-01-12T00:00:00Z,1138,32.840000,32.750000,33.000000,32.350000,1643800
2018-01-16T00:00:00Z,1142,33.000000,32.180000,33.440000,32.110000,1994555
2018-01-17T00:00:00Z,1143,32.290000,32.210000,32.590000,31.800000,978626
2018-01-18T00:00:00Z,1144,32.110000,32.190000,32.590000,31.650000,1073893
2018-01-19T00:00:00Z,1145,31.790000,31.660000,32.160000,31.380000,1882966
2018-01-22T00:00:00Z,1148,31.810000,32.620000,32.620000,31.810000,940144
2018-01-23T00:00:00Z,1149,33.070000,33.300000,33.460000,32.700000,1358882
2018-01-24T00:00:00Z,1150,33.710000,33.240000,33.960000,32.980000,1220802
2018-01-25T00:00:00Z,1151,33.410000,32.670000,33.520000,32.470000,784154
2018-01-26T00:00:00Z,1152,32.170000,32.870000,32.960000,32.170000,832180
2018-01-29T00:00:00Z,1155,32.680000,32.680000,33.100000,32.380000,578293
2018-01-30T00:00:00Z,1156,32.200000,32.130000,32.410000,31.270000,960317
2018-01-31T00:00:00Z,1157,32.150000,32.410000,32.630000,31.930000,999318
2018-02-01T00:00:00Z,1158,32.580000,32.990000,33.120000,32.380000,698878
2018-02-02T00:00:00Z,1159,32.490000,31.180000,32.490000,31.090000,1529379
2018-02-05T00:00:00Z,1162,30.830000,30.370000,31.530000,30.290000,1758457
2018-02-06T00:00:00Z,1163,29.680000,30.070000,30.810000,29.430000,2170226
2018-02-07T00:00:00Z,1164,30.230000,29.430000,30.910000,29.400000,1668498
2018-02-08T00:00:00Z,1165,29.510000,27.950000,29.745000,27.940000,1480735
2018-02-09T00:00:00Z,1166,28.240000,28.250000,28.460000,27.090000,1230367
2018-02-12T00:00:00Z,1169,28.630000,28.960000,29.360000,28.460000,1309583
2018-02-13T00:00:00Z,1170,28.610000,28.260000,28.770000,27.980000,1161065
2018-02-14T00:00:00Z,1171,27.960000,29.570000,29.710000,27.956000,969206
2018-02-15T00:00:00Z,1172,29.730000,29.570000,29.730000,28.660000,1403031
2018-02-16T00:00:00Z,1173,29.520000,29.680000,30.150000,29.400000,668595
2018-02-20T00:00:00Z,1177,29.770000,29.360000,30.020000,29.100000,1605021
2018-02-21T00:00:00Z,1178,29.280000,28.680000,29.570000,28.650000,1321001
2018-02-22T00:00:00Z,1179,28.000000,29.140000,29.880000,27.730000,1383316
2018-02-23T00:00:00Z,1180,29.470000,30.020000,30.030100,29.215000,1358672
2018-02-26T00:00:00Z,1183,30.220000,30.240000,30.280000,29.670000,957801
2018-02-27T00:00:00Z,1184,30.070000,29.670000,30.580000,29.670000,965164
2018-02-28T00:00:00Z,1185,29.920000,28.860000,30.280000,28.850000,1435461
2018-03-01T00:00:00Z,1189,28.880000,28.860000,29.225000,28.480000,1001756
2018-03-02T00:00:00Z,1190,28.590000,29.700000,29.730000,28.420000,872619
2018-03-05T00:00:00Z,1193,29.550000,30.970000,31.190000,29.440000,1712635
2018-03-06T00:00:00Z,1194,31.210000,29.010000,31.300000,28.970000,1819645
2018-03-07T00:00:00Z,1195,28.760000,28.430000,29.180000,28.020000,2011653
2018-03-08T00:00:00Z,1196,28.450000,28.300000,28.610000,28.000000,1221092
2018-03-09T00:00:00Z,1197,28.580000,29.330000,29.350000,28.580000,1115285
2018-03-12T00:00:00Z,1200,29.230000,29.320000,29.930000,29.110000,950059
2018-03-13T00:00:00Z,1201,29.530000,28.920000,29.667400,28.800000,697822
2018-03-14T00:00:00Z,1202,29.020000,28.860000,29.250000,28.780000,600439
2018-03-15T00:00:00Z,1203,29.180000,28.520000,29.470000,28.450000,1124978
2018-03-16T00:00:00Z,1204,28.570000,28.870000,29.070000,28.280000,1471841
2018-03-19T00:00:00Z,1207,28.620000,28.000000,28.730000,27.640000,1054170
2018-03-20T00:00:00Z,1208,28.260000,28.830000,29.070000,28.230000,758620
2018-03-21T00:00:00Z,1209,29.140000,29.890000,30.220000,29.010000,980856
2018-03-22T00:00:00Z,1210,29.410000,29.200000,29.800000,29.150000,845932
2018-03-23T00:00:00Z,1211,29.360000,29.110000,29.980000,28.890000,998021
2018-03-26T00:00:00Z,1214,29.750000,29.370000,29.750000,28.760000,953660
2018-03-27T00:00:00Z,1215,29.340000,28.320000,29.400000,28.170000,1487550
2018-03-28T00:00:00Z,1216,28.380000,28.750000,28.790000,28.220000,950180
2018-03-29T00:00:00Z,1217,29.000000,29.910000,30.030000,28.780000,1140872
2018-04-02T00:00:00Z,1221,29.670000,28.100000,29.694500,27.530000,1015531
2018-04-03T00:00:00Z,1222,28.330000,28.870000,28.960000,27.710000,1229859
2018-04-04T00:00:00Z,1223,28.210000,28.690000,28.830000,27.970000,932873
2018-04-05T00:00:00Z,1224,28.790000,28.930000,29.120000,28.610000,1548323
2018-04-06T00:00:00Z,1225,28.630000,27.600000,28.900000,26.970000,1706564
2018-04-09T00:00:00Z,1228,27.810000,27.940000,28.450000,27.670000,1355249
2018-04-10T00:00:00Z,1229,28.710000,29.820000,29.930000,28.470000,1706123
2018-04-11T00:00:00Z,1230,29.750000,30.860000,31.260000,29.730000,1773050
2018-04-12T00:00:00Z,1231,30.980000,30.630000,31.020000,30.270000,1079609
2018-04-13T00:00:00Z,1232,31.000000,31.390000,31.600000,30.860000,1121459
2018-04-16T00:00:00Z,1235,31.530000,31.390000,31.735000,31.060000,965822
2018-04-17T00:00:00Z,1236,31.220000,32.080000,32.331000,31.130000,887728
2018-04-18T00:00:00Z,1237,32.520000,32.750000,33.180000,31.920000,1290571
2018-04-19T00:00:00Z,1238,32.860000,33.080000,33.740000,32.620000,1223834
2018-04-20T00:00:00Z,1239,32.930000,33.020000,33.340000,32.320000,788565
2018-04-23T00:00:00Z,1242,32.910000,33.720000,33.780000,32.610000,844672
2018-04-24T00:00:00Z,1243,33.600000,33.300000,34.230000,32.850000,1217125
2018-04-25T00:00:00Z,1244,33.135000,33.720000,34.020000,33.030000,903955
2018-04-26T00:00:00Z,1245,33.910000,33.350000,34.060000,33.140000,1212286
2018-04-27T00:00:00Z,1246,33.120000,32.450000,33.320000,32.440000,1012835
2018-04-30T00:00:00Z,1249,32.320000,32.740000,33.540000,32.280000,1187267
2018-05-01T00:00:00Z,1251,32.720000,32.660000,32.810000,32.060000,943690
2018-05-02T00:00:00Z,1252,32.800000,32.590000,33.390000,32.480000,1287901
2018-05-03T00:00:00Z,1253,32.620000,31.000000,33.200000,30.690000,1889467
2018-05-04T00:00:00Z,1254,30.960000,31.510000,31.635000,30.550000,1330129
2018-05-07T00:00:00Z,1257,32.040000,32.570000,33.450000,31.940000,2276883
2018-05-08T00:00:00Z,1258,32.400000,33.590000,33.640000,31.600000,1814382
2018-05-09T00:00:00Z,1259,34.330000,34.190000,35.220000,34.110000,2004088
2018-05-10T00:00:00Z,1260,34.700000,34.130000,34.830000,33.680000,1070388
2018-05-11T00:00:00Z,1261,34.300000,33.780000,34.660000,33.590000,762357
2018-05-14T00:00:00Z,1264,33.840000,33.810000,34.210000,33.680000,816547
2018-05-15T00:00:00Z,1265,32.500000,32.870000,33.050000,32.250000,7018126
2018-05-16T00:00:00Z,1266,32.860000,33.230000,33.340000,32.270000,2978552
2018-05-17T00:00:00Z,1267,33.420000,34.280000,34.350000,33.340000,1922303
2018-05-18T00:00:00Z,1268,34.240000,33.210000,34.335000,32.930000,1530543
2018-05-21T00:00:00Z,1271,33.670000,33.120000,33.670000,32.565000,1645929
2018-05-22T00:00:00Z,1272,33.180000,31.800000,33.500000,31.690000,1283767
2018-05-23T00:00:00Z,1273,31.610000,31.060000,32.000000,30.870000,1501815
2018-05-24T00:00:00Z,1274,30.510000,29.790000,30.880000,29.770000,1831545
2018-05-25T00:00:00Z,1275,28.820000,28.670000,29.100000,28.200000,2599917
2018-05-29T00:00:00Z,1279,28.300000,28.480000,28.880000,28.020000,1868660
2018-05-30T00:00:00Z,1280,28.790000,29.060000,29.260000,28.580000,1941857
2018-05-31T00:00:00Z,1281,28.690000,28.070000,29.310000,28.040000,2092020
2018-06-01T00:00:00Z,1282,28.050000,26.400000,28.271500,25.570000,3859149
2018-06-04T00:00:00Z,1285,26.450000,25.780000,26.650000,25.529800,2426642
2018-06-05T00:00:00Z,1286,25.570000,25.930000,26.120000,25.470000,1845436
2018-06-06T00:00:00Z,1287,26.200000,25.910000,26.270000,25.650000,1948124
2018-06-07T00:00:00Z,1288,26.040000,26.930000,27.130000,26.040000,1887706
2018-06-08T00:00:00Z,1289,27.010000,25.970000,27.150000,25.720000,2083711
2018-06-11T00:00:00Z,1292,25.880000,25.910000,26.310000,25.670000,1346674
2018-06-12T00:00:00Z,1293,25.930000,26.630000,26.760000,25.710000,2097021
2018-06-13T00:00:00Z,1294,26.530000,26.610000,26.990000,26.370000,1487033
2018-06-14T00:00:00Z,1295,26.875000,26.430000,27.080000,26.270000,1386560
2018-06-15T00:00:00Z,1296,26.210000,26.130000,26.405000,25.801000,3438446
2018-06-18T00:00:00Z,1299,26.190000,26.300000,26.853200,26.180000,1563418
2018-06-19T00:00:00Z,1300,25.800000,27.690000,27.745000,25.790000,2623349
2018-06-20T00:00:00Z,1301,27.950000,28.440000,28.580000,27.700000,2600101
2018-06-21T00:00:00Z,1302,28.070000,27.020000,28.430000,26.870000,2158211
2018-06-22T00:00:00Z,1303,28.390000,27.860000,28.600000,27.620000,2265394
2018-06-25T00:00:00Z,1306,27.900000,27.400000,28.030000,27.219000,1367085
2018-06-26T00:00:00Z,1307,27.520000,28.810000,28.920000,27.290000,2166019
2018-06-27T00:00:00Z,1308,29.190000,30.060000,30.300000,29.120000,2816501
2018-06-28T00:00:00Z,1309,30.140000,30.140000,30.380000,29.680000,2197521
2018-06-29T00:00:00Z,1310,30.500000,30.050000,31.409000,29.995000,2761409
2018-07-02T00:00:00Z,1314,29.760000,29.210000,29.770000,29.000000,1384723
2018-07-03T00:00:00Z,1315,30.050000,29.650000,30.300000,29.280000,1132065
2018-07-05T00:00:00Z,1317,29.830000,29.880000,30.020000,29.190000,1599068
2018-07-06T00:00:00Z,1318,29.630000,30.940000,31.390000,29.580000,2126454
2018-07-09T00:00:00Z,1321,31.300000,32.520000,32.620000,31.270000,2248828
2018-07-10T00:00:00Z,1322,32.920000,32.990000,33.430000,32.697500,1932680
2018-07-11T00:00:00Z,1323,32.370000,31.730000,33.180000,31.620000,1928386
2018-07-12T00:00:00Z,1324,31.880000,31.930000,32.260000,31.210000,1773300
2018-07-13T00:00:00Z,1325,31.870000,31.810000,32.600000,31.710000,943570
2018-07-16T00:00:00Z,1328,31.390000,31.670000,31.770000,30.910000,1013799
2018-07-17T00:00:00Z,1329,31.520000,32.020000,32.260000,31.340000,693188
2018-07-18T00:00:00Z,1330,31.710000,31.740000,32.040000,31.030000,1187698
2018-07-19T00:00:00Z,1331,31.440000,32.330000,32.400000,31.423200,1222317
2018-07-20T00:00:00Z,1332,32.310000,31.980000,32.720000,31.810000,1307025
2018-07-23T00:00:00Z,1335,32.220000,31.940000,32.300100,31.710000,1221229
2018-07-24T00:00:00Z,1336,32.400000,32.350000,32.870000,32.210000,1098386
2018-07-25T00:00:00Z,1337,32.330000,32.830000,32.910000,31.920000,1168904
2018-07-26T00:00:00Z,1338,32.970000,32.980000,33.350000,32.760000,978660
2018-07-27T00:00:00Z,1339,32.930000,32.820000,33.600000,32.700000,1245712
2018-07-30T00:00:00Z,1342,33.350000,33.530000,33.860000,33.100000,1815318
2018-07-31T00:00:00Z,1343,33.450000,33.500000,33.715000,32.820000,1345680
2018-08-01T00:00:00Z,1344,33.050000,33.190000,33.410000,32.580000,1568046
2018-08-02T00:00:00Z,1345,32.150000,32.780000,34.440000,31.700000,3111176
2018-08-03T00:00:00Z,1346,32.670000,31.140000,33.080000,31.090000,2989457
2018-08-06T00:00:00Z,1349,31.290000,31.330000,31.860000,31.000000,1449955
2018-08-07T00:00:00Z,1350,31.590000,31.980000,32.530000,31.420000,1902592
2018-08-08T00:00:00Z,1351,31.750000,31.570000,31.980000,31.090000,1681009
2018-08-09T00:00:00Z,1352,31.600000,32.010000,32.410000,31.550000,1537328
2018-08-10T00:00:00Z,1353,31.950000,32.720000,32.845000,31.890000,1067437
2018-08-13T00:00:00Z,1356,32.650000,31.420000,32.840000,31.400000,1412038
2018-08-14T00:00:00Z,1357,31.820000,31.650000,32.330000,31.400000,1176174
2018-08-15T00:00:00Z,1358,30.520000,29.790000,31.370000,29.370000,1948787
2018-08-16T00:00:00Z,1359,30.030000,30.090000,30.450000,29.870000,996102
2018-08-17T00:00:00Z,1360,30.260000,30.590000,31.480000,30.220000,1029256
2018-08-20T00:00:00Z,1363,30.560000,30.520000,31.020000,30.387300,700891
2018-08-21T00:00:00Z,1364,31.000000,31.670000,31.940000,30.910000,1416556
2018-08-22T00:00:00Z,1365,32.000000,32.560000,32.670000,31.890000,858040
2018-08-23T00:00:00Z,1366,32.310000,32.200000,32.520000,31.990000,899497
2018-08-24T00:00:00Z,1367,32.590000,32.610000,33.010000,32.400000,654244
2018-08-27T00:00:00Z,1370,32.650000,32.580000,32.940000,32.560000,827963
2018-08-28T00:00:00Z,1371,32.630000,32.230000,32.900000,32.010000,722457
2018-08-29T00:00:00Z,1372,32.460000,32.830000,32.970000,32.255000,946428
2018-08-30T00:00:00Z,1373,32.850000,33.520000,33.670000,32.820000,1031944
2018-08-31T00:00:00Z,1374,33.300000,32.740000,33.430000,32.570000,991917
2018-09-04T00:00:00Z,1378,32.900000,31.980000,33.080000,31.890000,972079
2018-09-05T00:00:00Z,1379,31.750000,31.810000,31.850000,31.080000,1168566
2018-09-06T00:00:00Z,1380,31.860000,31.290000,31.910000,31.150000,1264249
2018-09-07T00:00:00Z,1381,30.970000,30.820000,31.200000,30.530000,1103426
2018-09-10T00:00:00Z,1384,31.060000,30.850000,31.360000,30.740000,824509
2018-09-11T00:00:00Z,1385,30.690000,32.080000,32.410000,30.690000,1062454
2018-09-12T00:00:00Z,1386,32.600000,33.460000,33.570000,32.470000,1332858
2018-09-13T00:00:00Z,1387,32.840000,31.130000,32.940000,30.810000,3468948
2018-09-14T00:00:00Z,1388,30.990000,31.050000,31.460000,30.730000,1830555
2018-09-17T00:00:00Z,1391,31.150000,30.880000,31.690000,30.625000,1260993
2018-09-18T00:00:00Z,1392,31.230000,31.740000,31.870000,31.130000,1311581
2018-09-19T00:00:00Z,1393,31.850000,32.420000,32.670000,31.820000,1038974
2018-09-20T00:00:00Z,1394,32.420000,32.110000,32.820000,31.850000,814599
2018-09-21T00:00:00Z,1395,32.150000,32.520000,32.670000,31.870000,2323072
2018-09-24T00:00:00Z,1398,33.210000,33.190000,33.680000,32.390000,1279299
2018-09-25T00:00:00Z,1399,32.640000,32.860000,33.510000,32.430000,1635312
2018-09-26T00:00:00Z,1400,32.480000,32.060000,33.100000,32.020000,1021210
2018-09-27T00:00:00Z,1401,32.433300,33.010000,33.240000,32.210000,1269011
2018-09-28T00:00:00Z,1402,32.990000,33.050000,33.550000,32.880000,1029829
2018-10-01T00:00:00Z,1406,33.280000,33.000000,33.450000,32.680000,1028183
2018-10-02T00:00:00Z,1407,33.100000,33.110000,33.720000,32.940000,972900
2018-10-03T00:00:00Z,1408,33.280000,34.220000,34.240000,33.030100,968877
2018-10-04T00:00:00Z,1409,34.040000,33.910000,34.905000,33.850000,1554342
2018-10-05T00:00:00Z,1410,33.860000,33.510000,34.220000,33.080000,1034618
2018-10-08T00:00:00Z,1413,33.130000,32.850000,33.330000,32.505000,903374
2018-10-09T00:00:00Z,1414,33.050000,33.630000,34.090000,32.950000,970306
2018-10-10T00:00:00Z,1415,33.750000,32.160000,33.750000,31.790000,1684610
2018-10-11T00:00:00Z,1416,31.750000,30.300000,31.789900,30.270000,2054856
2018-10-12T00:00:00Z,1417,30.980000,31.100000,31.190000,30.130000,1460041
2018-10-15T00:00:00Z,1420,31.360000,31.560000,31.770000,30.633100,850822
2018-10-16T00:00:00Z,1421,31.770000,32.070000,32.215000,31.460000,959252
2018-10-17T00:00:00Z,1422,31.810000,31.980000,32.130000,31.310000,1143765
2018-10-18T00:00:00Z,1423,31.500000,31.690000,32.160000,31.260000,1279883
2018-10-19T00:00:00Z,1424,31.880000,31.740000,32.530000,31.390000,1265593
2018-10-22T00:00:00Z,1427,31.620000,31.510000,31.730000,30.930000,858370
2018-10-23T00:00:00Z,1428,30.820000,29.790000,30.880000,29.440000,1893492
2018-10-24T00:00:00Z,1429,30.060000,27.880000,30.370000,27.870000,1762430
2018-10-25T00:00:00Z,1430,28.330000,28.850000,29.060000,27.820000,1260414
2018-10-26T00:00:00Z,1431,28.280000,28.840000,29.370000,27.720000,1088951
2018-10-29T00:00:00Z,1434,28.940000,27.880000,29.110000,27.380000,1834556
2018-10-30T00:00:00Z,1435,27.530000,28.840000,28.890000,27.220000,1399158
2018-10-31T00:00:00Z,1436,29.300000,28.840000,29.610000,28.750000,2103169
2018-11-01T00:00:00Z,1437,29.350000,28.920000,30.000000,28.090000,3087576
2018-11-02T00:00:00Z,1438,28.970000,27.380000,29.020000,27.230000,3000455
2018-11-05T00:00:00Z,1441,28.390000,28.130000,28.390000,27.520000,1918248
2018-11-06T00:00:00Z,1442,28.170000,27.550000,28.340200,27.410000,1018738
2018-11-07T00:00:00Z,1443,28.300000,28.690000,28.790000,27.990000,1377432
2018-11-08T00:00:00Z,1444,28.610000,26.990000,28.764900,26.700000,1534234
2018-11-09T00:00:00Z,1445,26.410000,26.560000,26.750000,25.660000,1969065
2018-11-12T00:00:00Z,1448,26.900000,24.790000,26.940000,24.760000,1675835
2018-11-13T00:00:00Z,1449,24.650000,23.830000,25.080000,23.740000,2076066
2018-11-14T00:00:00Z,1450,24.387500,23.900000,24.910000,23.840000,1851773
2018-11-15T00:00:00Z,1451,23.680000,24.680000,24.850000,23.660000,1370853
2018-11-16T00:00:00Z,1452,24.530000,24.710000,25.480000,24.450000,2441678
2018-11-19T00:00:00Z,1455,24.450000,24.450000,24.750000,23.910000,1644953
2018-11-20T00:00:00Z,1456,23.880000,22.990000,23.890000,22.600000,2149262
2018-11-21T00:00:00Z,1457,23.500000,23.390000,23.790000,23.175000,1063916
2018-11-23T00:00:00Z,1459,22.230000,22.300000,23.040000,22.200000,738204
2018-11-26T00:00:00Z,1462,22.800000,22.740000,23.380000,22.530000,1646067
2018-11-27T00:00:00Z,1463,22.640000,21.940000,22.800000,21.890000,1653883
2018-11-28T00:00:00Z,1464,22.060700,22.730000,22.730000,21.430000,1846786
2018-11-29T00:00:00Z,1465,22.820000,23.340000,23.600000,22.750000,1959463
2018-11-30T00:00:00Z,1466,22.970000,22.800000,23.200000,22.380100,2318525
2018-12-03T00:00:00Z,1470,23.930000,24.360000,24.660000,23.760000,2709352
2018-12-04T00:00:00Z,1471,24.372900,23.370000,24.430000,23.340000,2100623
2018-12-05T00:00:00Z,1472,23.370000,23.370000,23.370000,23.370000,0
2018-12-06T00:00:00Z,1473,22.800000,21.740000,22.800000,21.340000,2257872
2018-12-07T00:00:00Z,1474,22.244400,21.290000,22.400000,21.245000,2365478
2018-12-10T00:00:00Z,1477,20.880000,19.690000,21.410000,19.430000,2600915
2018-12-11T00:00:00Z,1478,19.760000,19.080000,20.150000,18.980000,3237918
2018-12-12T00:00:00Z,1479,19.370000,19.090000,19.900000,18.975000,3078435
2018-12-13T00:00:00Z,1480,18.750000,18.570000,19.280000,18.340000,2852594
2018-12-14T00:00:00Z,1481,18.310000,17.370000,18.430000,17.220000,3092744
2018-12-17T00:00:00Z,1484,17.200000,16.780000,17.509300,16.665000,2342586
2018-12-18T00:00:00Z,1485,16.990000,16.490000,17.250000,16.370000,2793407
2018-12-19T00:00:00Z,1486,16.520000,16.140000,17.010000,15.930000,2146801
2018-12-20T00:00:00Z,1487,15.710000,15.640000,16.270000,15.610000,2391388
2018-12-21T00:00:00Z,1488,15.560000,14.760000,15.560000,14.570000,5661427
2018-12-24T00:00:00Z,1491,14.470000,14.120000,14.750000,14.000000,1167139
2018-12-26T00:00:00Z,1493,14.340000,15.890000,15.940000,13.970000,3433840
2018-12-27T00:00:00Z,1494,15.500000,15.830000,15.840000,15.070000,2380746
2018-12-28T00:00:00Z,1495,15.920000,15.490000,16.020000,15.440000,1809514
2018-12-31T00:00:00Z,1498,15.650000,15.530000,15.830000,15.240000,1730926
2019-01-02T00:00:00Z,1493,15.080000,16.070000,16.110000,14.800000,2266328
2019-01-03T00:00:00Z,1494,16.090000,15.930000,16.430000,15.480000,2089925
2019-01-04T00:00:00Z,1495,16.370000,17.030000,17.160000,16.100000,3369487
2019-01-07T00:00:00Z,1498,17.030000,18.260000,18.450000,16.780000,3888241
2019-01-08T00:00:00Z,1499,18.650000,18.900000,19.010000,18.220000,3145383
2019-01-09T00:00:00Z,1500,19.270000,19.760000,19.800000,18.780000,2722520
2019-01-10T00:00:00Z,1501,19.410000,19.780000,20.030000,19.230400,2355149
2019-01-11T00:00:00Z,1502,19.360000,19.340000,19.480000,18.980000,2266138
2019-01-14T00:00:00Z,1505,18.950000,18.950000,19.280000,18.470000,1898981
2019-01-15T00:00:00Z,1506,19.170000,19.430000,19.620000,18.980000,1913906
2019-01-16T00:00:00Z,1507,19.310000,19.510000,19.820000,19.220000,1581097
2019-01-17T00:00:00Z,1508,19.160000,19.410000,19.470000,18.920000,1785937
2019-01-18T00:00:00Z,1509,19.700000,19.920000,19.940000,19.300000,1551981
2019-01-22T00:00:00Z,1513,19.600000,18.810000,19.600000,18.730000,2052264
2019-01-23T00:00:00Z,1514,19.030000,18.520000,19.130000,18.320000,1795019
2019-01-24T00:00:00Z,1515,18.460000,18.720000,18.800000,18.320000,1353004
2019-01-25T00:00:00Z,1516,18.830000,19.290000,19.550000,18.800000,1976574
2019-01-28T00:00:00Z,1519,19.040000,18.890000,19.040000,18.410000,1834886
2019-01-29T00:00:00Z,1520,19.080000,19.240000,19.410000,18.730000,2004132
2019-01-30T00:00:00Z,1521,19.310000,19.860000,19.900000,19.020000,1985070
2019-01-31T00:00:00Z,1522,20.120000,19.500000,20.180000,19.280000,2414559
2019-02-01T00:00:00Z,1523,19.570000,19.660000,19.820000,19.350000,1611447
2019-02-04T00:00:00Z,1526,19.400000,19.580000,19.590000,19.210000,927102
2019-02-05T00:00:00Z,1527,19.530000,18.870000,19.630000,18.840000,1731896
2019-02-06T00:00:00Z,1528,18.690000,18.590000,18.980000,18.500000,1553530
2019-02-07T00:00:00Z,1529,18.390000,17.540000,18.430000,17.200000,2794505
2019-02-08T00:00:00Z,1530,17.450000,17.260000,17.680000,16.740000,2808171
2019-02-11T00:00:00Z,1533,17.100000,17.410000,17.460000,16.840000,1507810
2019-02-12T00:00:00Z,1534,17.780000,17.640000,18.050000,17.360000,1761487
2019-02-13T00:00:00Z,1535,17.790000,17.870000,18.230000,17.660000,2321215
2019-02-14T00:00:00Z,1536,17.830000,18.220000,18.420000,17.650000,1484407
2019-02-15T00:00:00Z,1537,18.480000,19.310000,19.320000,18.390000,2972536
2019-02-19T00:00:00Z,1541,19.350000,18.700000,19.540000,18.645000,1733760
2019-02-20T00:00:00Z,1542,18.700000,18.940000,19.020000,18.460000,1868625
2019-02-21T00:00:00Z,1543,18.810000,18.060000,18.990000,18.000000,2098688
2019-02-22T00:00:00Z,1544,18.280000,18.700000,18.820000,18.210000,2014531
2019-02-25T00:00:00Z,1547,18.520000,18.850000,18.960000,18.415000,2277333
2019-02-26T00:00:00Z,1548,18.930000,17.910000,19.320000,17.805000,4242736
2019-02-27T00:00:00Z,1549,19.340000,18.990000,19.880000,18.300000,5300279
2019-02-28T00:00:00Z,1550,19.060000,18.600000,19.210000,18.570000,3535964
2019-03-01T00:00:00Z,1554,18.780000,18.030000,19.160000,17.870000,3544411
2019-03-04T00:00:00Z,1557,18.220000,17.990000,18.310000,17.630000,2658583
2019-03-05T00:00:00Z,1558,18.040000,18.320000,18.350000,17.600000,2244048
2019-03-06T00:00:00Z,1559,18.180000,17.470000,18.180000,17.320000,2802872
2019-03-07T00:00:00Z,1560,17.510000,17.180000,17.630000,17.110000,1525166
2019-03-08T00:00:00Z,1561,17.000000,16.700000,17.000000,16.380000,1804975
2019-03-11T00:00:00Z,1564,16.930000,17.170000,17.340000,16.710000,1623099
2019-03-12T00:00:00Z,1565,17.320000,18.190000,18.250000,17.210000,3134985
2019-03-13T00:00:00Z,1566,18.510000,18.600000,19.060000,18.300000,3540078
2019-03-14T00:00:00Z,1567,18.540000,18.530000,18.830000,18.480000,1879036
2019-03-15T00:00:00Z,1568,18.220000,18.690000,18.860000,18.180000,3377508
2019-03-18T00:00:00Z,1571,18.690000,19.130000,19.200000,18.640000,3175572
2019-03-19T00:00:00Z,1572,19.320000,19.060000,19.480000,18.980000,3021413
2019-03-20T00:00:00Z,1573,18.960000,19.650000,20.080000,18.900000,2775395
2019-03-21T00:00:00Z,1574,19.590000,20.000000,20.260000,19.520000,2815062
2019-03-22T00:00:00Z,1575,19.630000,18.910000,19.690000,18.590000,2727262
2019-03-25T00:00:00Z,1578,18.800000,18.840000,18.941000,18.260000,1872534
2019-03-26T00:00:00Z,1579,19.280000,19.510000,19.980000,19.170000,2142135
2019-03-27T00:00:00Z,1580,19.550000,19.620000,19.960000,19.350000,2107503
2019-03-28T00:00:00Z,1581,19.440000,19.690000,20.030000,19.400000,3751908
2019-03-29T00:00:00Z,1582,20.050000,19.330000,20.131000,19.140000,2271055
2019-04-01T00:00:00Z,1585,19.570000,19.600000,19.740000,19.320000,1413212
2019-04-02T00:00:00Z,1586,19.610000,19.460000,19.930000,19.290000,2247811
2019-04-03T00:00:00Z,1587,19.520000,17.970000,19.660000,17.925000,3014647
2019-04-04T00:00:00Z,1588,17.920000,18.480000,18.660000,17.910000,3069129
2019-04-05T00:00:00Z,1589,18.540000,19.540000,19.775000,18.540000,2690957
2019-04-08T00:00:00Z,1592,19.737300,19.940000,20.380000,19.695000,2536897
2019-04-09T00:00:00Z,1593,19.920000,19.950000,20.320000,19.610000,3005577
2019-04-10T00:00:00Z,1594,20.220000,20.280000,20.350000,19.850000,1947427
2019-04-11T00:00:00Z,1595,20.070000,19.420000,20.180000,18.750000,3460582
2019-04-12T00:00:00Z,1596,20.500000,20.950000,21.000000,20.405000,3636681
2019-04-15T00:00:00Z,1599,20.780000,20.820000,21.055000,20.499900,2207354
2019-04-16T00:00:00Z,1600,20.950000,21.050000,21.200000,20.590000,1502903
2019-04-17T00:00:00Z,1601,21.250000,20.930000,21.300000,20.755000,1458213
2019-04-18T00:00:00Z,1602,20.850000,20.820000,21.070000,20.700000,1523114
2019-04-22T00:00:00Z,1606,21.200000,21.890000,21.925000,20.930000,2105053
2019-04-23T00:00:00Z,1607,21.780000,21.800000,22.250000,21.390000,1741047
2019-04-24T00:00:00Z,1608,22.000000,21.200000,22.010000,21.190000,1594620
2019-04-25T00:00:00Z,1609,21.200000,20.730000,21.370000,20.720000,1418447
2019-04-26T00:00:00Z,1610,20.400000,19.720000,20.450000,19.450000,2245561
2019-04-29T00:00:00Z,1613,19.620000,19.780000,19.930000,19.345000,1470747
2019-04-30T00:00:00Z,1614,20.050000,19.690000,20.100000,19.296400,1687392
2019-05-01T00:00:00Z,1616,19.750000,18.740000,19.900000,18.740000,3363661
2019-05-02T00:00:00Z,1617,18.550000,18.440000,18.800000,17.760000,3526169
2019-05-03T00:00:00Z,1618,18.710000,19.150000,19.226900,18.385000,1924381
2019-05-06T00:00:00Z,1621,18.570000,19.480000,19.620000,18.450000,1713739
2019-05-07T00:00:00Z,1622,19.060000,19.020000,19.180000,18.590000,1733029
2019-05-08T00:00:00Z,1623,19.090000,19.650000,19.860000,19.080000,2025276
2019-05-09T00:00:00Z,1624,19.430000,19.930000,20.090000,19.240300,1972508
2019-05-10T00:00:00Z,1625,19.750000,19.920000,20.020000,19.230000,1598319
2019-05-13T00:00:00Z,1628,19.680000,19.330000,19.958900,19.270000,2206786
2019-05-14T00:00:00Z,1629,19.490000,20.010000,20.280000,19.370000,2359537
2019-05-15T00:00:00Z,1630,19.720000,20.620000,20.820000,19.620000,1477810
2019-05-16T00:00:00Z,1631,20.780000,20.800000,21.190000,20.540000,1627659
2019-05-17T00:00:00Z,1632,20.440000,20.000000,20.590000,19.990000,1246564
2019-05-20T00:00:00Z,1635,19.990000,20.010000,20.260000,19.850000,1166243
2019-05-21T00:00:00Z,1636,20.170000,20.710000,20.750000,19.990000,1096526
2019-05-22T00:00:00Z,1637,20.550000,19.660000,20.750000,19.630000,1844382
2019-05-23T00:00:00Z,1638,19.110000,17.810000,19.110000,17.720000,2880932
2019-05-24T00:00:00Z,1639,18.030000,17.660000,18.310000,17.410000,2414024
2019-05-28T00:00:00Z,1643,17.970000,17.550000,18.106100,17.485000,2363146
2019-05-29T00:00:00Z,1644,17.210000,17.720000,17.760000,16.840000,2179773
2019-05-30T00:00:00Z,1645,17.670000,16.920000,17.970000,16.910000,1810295
2019-05-31T00:00:00Z,1646,16.440000,16.440000,17.050000,16.300000,1973817
2019-06-03T00:00:00Z,1649,16.640000,16.660000,16.910000,16.410000,2543701
2019-06-04T00:00:00Z,1650,16.860000,16.990000,17.090000,16.470000,1932926
2019-06-05T00:00:00Z,1651,16.930000,16.080000,16.960000,15.650000,2439771
2019-06-06T00:00:00Z,1652,16.090000,16.280000,16.460000,16.000000,2770768
2019-06-07T00:00:00Z,1653,16.850000,16.790000,17.040000,16.470000,3004662
2019-06-10T00:00:00Z,1656,16.830000,16.830000,17.070000,16.550000,1949278
2019-06-11T00:00:00Z,1657,17.260000,17.310000,17.710000,17.070000,3670055
2019-06-12T00:00:00Z,1658,17.010000,16.510000,17.100000,16.450000,2708420
2019-06-13T00:00:00Z,1659,16.960000,17.360000,17.370000,16.790000,2260302
2019-06-14T00:00:00Z,1660,17.360000,16.850000,17.500000,16.710000,3152704
2019-06-17T00:00:00Z,1663,16.630000,17.180000,17.360000,16.420000,2480887
2019-06-18T00:00:00Z,1664,17.420000,17.870000,17.980000,17.350000,2629149
2019-06-19T00:00:00Z,1665,17.660000,17.940000,18.230000,17.350000,3777787
2019-06-20T00:00:00Z,1666,18.610000,18.890000,19.084300,18.470000,3124349
2019-06-21T00:00:00Z,1667,18.860000,18.690000,19.300000,18.530000,2745043
2019-06-24T00:00:00Z,1670,18.750000,18.310000,18.865000,18.180000,2225535
2019-06-25T00:00:00Z,1671,18.330000,18.160000,18.520000,18.000000,2766324
2019-06-26T00:00:00Z,1672,18.560000,18.870000,19.030000,18.370000,2151885
2019-06-27T00:00:00Z,1673,18.900000,19.050000,19.070000,18.580000,2037827
2019-06-28T00:00:00Z,1674,19.160000,19.880000,19.905000,19.110000,7723355
2019-07-01T00:00:00Z,1678,20.370000,19.550000,20.570000,19.300000,2729090
2019-07-02T00:00:00Z,1679,19.420000,18.690000,19.425000,18.470000,2203625
2019-07-03T00:00:00Z,1680,18.790000,18.670000,18.790000,18.470000,1206733
2019-07-05T00:00:00Z,1682,18.490000,19.060000,19.240000,18.490000,1716221
2019-07-08T00:00:00Z,1685,19.010000,19.060000,19.950000,18.920000,5475847
2019-07-09T00:00:00Z,1686,18.980000,18.850000,19.005000,18.390000,1590453
2019-07-10T00:00:00Z,1687,19.210000,19.780000,19.830000,19.100000,2385295
2019-07-11T00:00:00Z,1688,19.840000,19.630000,19.950000,19.290000,1431154
2019-07-12T00:00:00Z,1689,19.530000,19.680000,19.910000,19.370000,1231819
2019-07-15T00:00:00Z,1692,19.830000,19.000000,19.940000,18.980000,2177559
2019-07-16T00:00:00Z,1693,18.910000,18.580000,19.070000,18.540000,2583970
2019-07-17T00:00:00Z,1694,18.540000,17.520000,18.540000,17.510000,2280265
2019-07-18T00:00:00Z,1695,17.340000,17.620000,17.670000,17.150000,2504291
2019-07-19T00:00:00Z,1696,17.640000,17.660000,17.843000,17.450000,2134638
2019-07-22T00:00:00Z,1699,17.710000,17.530000,17.960000,17.410000,1977117
2019-07-23T00:00:00Z,1700,17.920000,18.020000,18.070000,17.610000,2032598
2019-07-24T00:00:00Z,1701,17.980000,18.070000,18.580000,17.920000,2274132
2019-07-25T00:00:00Z,1702,18.250000,17.200000,18.250000,17.160000,2590236
2019-07-26T00:00:00Z,1703,17.210000,16.650000,17.210000,16.420000,3194963
2019-07-29T00:00:00Z,1706,16.730000,16.190000,16.750000,15.990000,3163272
2019-07-30T00:00:00Z,1707,16.010000,17.060000,17.400000,15.950000,4296056
2019-07-31T00:00:00Z,1708,17.100000,17.630000,18.010000,16.790000,4063995
2019-08-01T00:00:00Z,1709,17.590000,17.010000,18.530000,16.160000,7532748
2019-08-02T00:00:00Z,1710,17.110000,16.630000,17.370000,16.390000,3206563
2019-08-05T00:00:00Z,1713,15.970000,15.020000,16.010000,14.975000,4143828
2019-08-06T00:00:00Z,1714,15.560000,15.220000,15.560000,14.250000,4120300
2019-08-07T00:00:00Z,1715,15.120000,15.070000,15.340000,14.350000,3903848
2019-08-08T00:00:00Z,1716,15.490000,15.160000,15.620000,14.820000,3229597
2019-08-09T00:00:00Z,1717,15.280000,15.350000,15.610000,14.890000,3775427
2019-08-12T00:00:00Z,1720,15.270000,15.460000,15.700000,14.960000,2994062
2019-08-13T00:00:00Z,1721,15.470000,15.370000,16.122600,15.270000,3189282
2019-08-14T00:00:00Z,1722,14.440000,14.030000,14.700000,13.920000,3938699
2019-08-15T00:00:00Z,1723,13.960000,13.730000,14.110000,13.420000,2719681
2019-08-16T00:00:00Z,1724,13.810000,15.020000,15.100000,13.780000,3308819
2019-08-19T00:00:00Z,1727,15.420000,15.740000,15.820000,15.270000,2814856
2019-08-20T00:00:00Z,1728,15.550000,15.590000,15.720000,15.220000,1553320
2019-08-21T00:00:00Z,1729,15.830000,15.880000,16.160000,15.580000,1759411
2019-08-22T00:00:00Z,1730,15.900000,15.620000,16.166600,15.610000,1548730
2019-08-23T00:00:00Z,1731,15.160000,14.910000,15.575000,14.840000,2476460
2019-08-26T00:00:00Z,1734,15.270000,14.820000,15.322500,14.710000,1624298
2019-08-27T00:00:00Z,1735,14.920000,14.800000,15.100000,14.630000,1977829
2019-08-28T00:00:00Z,1736,14.980000,15.400000,15.725000,14.980000,1731340
2019-08-29T00:00:00Z,1737,15.550000,15.850000,16.075000,15.510000,1837674
2019-08-30T00:00:00Z,1738,15.840000,15.650000,16.050000,15.400000,1341457
2019-09-03T00:00:00Z,1742,15.160000,14.480000,15.350000,14.460000,2425427
2019-09-04T00:00:00Z,1743,14.910000,15.250000,15.285000,14.380000,2883838
2019-09-05T00:00:00Z,1744,15.490000,15.550000,15.960000,15.360000,3191805
2019-09-06T00:00:00Z,1745,15.340000,15.450000,15.620000,14.770000,2254984
2019-09-09T00:00:00Z,1748,15.760000,16.930000,16.930000,15.660000,4264781
2019-09-10T00:00:00Z,1749,16.890000,16.520000,17.510000,16.490000,3681387
2019-09-11T00:00:00Z,1750,16.690000,16.580000,17.210000,16.240000,2918853
2019-09-12T00:00:00Z,1751,16.080000,16.480000,16.880000,15.480000,2325222
2019-09-13T00:00:00Z,1752,16.740000,16.520000,17.280000,16.410000,2342115
2019-09-16T00:00:00Z,1755,17.910000,19.000000,19.670000,17.910000,6062253
2019-09-17T00:00:00Z,1756,18.670000,17.110000,18.720000,16.940000,3711232
2019-09-18T00:00:00Z,1757,16.920000,16.600000,17.040000,16.450000,2836073
2019-09-19T00:00:00Z,1758,16.890000,16.790000,16.970000,16.440000,3012537
2019-09-20T00:00:00Z,1759,16.930000,17.030000,17.260000,16.665000,3766869
2019-09-23T00:00:00Z,1762,16.710000,17.310000,17.460000,16.710000,1734099
2019-09-24T00:00:00Z,1763,17.170000,16.980000,17.430000,16.890000,1955480
2019-09-25T00:00:00Z,1764,16.650000,16.930000,17.180000,16.600000,2516864
2019-09-26T00:00:00Z,1765,16.660000,16.330000,16.760000,16.150000,1623657
2019-09-27T00:00:00Z,1766,15.940000,16.240000,16.610000,15.890000,1608798
2019-09-30T00:00:00Z,1769,16.200000,16.530000,16.640000,16.100000,2785317
2019-10-01T00:00:00Z,1771,16.650000,15.850000,17.060000,15.840000,1891418
2019-10-02T00:00:00Z,1772,15.710000,15.600000,16.120000,15.490000,1975319
2019-10-03T00:00:00Z,1773,15.380000,15.550000,15.680000,15.020000,2596397
2019-10-04T00:00:00Z,1774,15.970000,15.610000,16.340000,15.340000,2199573
2019-10-07T00:00:00Z,1777,15.560000,15.470000,15.950000,15.330000,1751185
2019-10-08T00:00:00Z,1778,15.150000,14.890000,15.220000,14.760000,2160328
2019-10-09T00:00:00Z,1779,15.160000,14.520000,15.210000,14.435000,1800961
2019-10-10T00:00:00Z,1780,14.560000,14.030000,14.750000,13.680000,4009493
2019-10-11T00:00:00Z,1781,14.280000,14.350000,14.740000,14.230000,2037933
2019-10-14T00:00:00Z,1784,14.040000,13.630000,14.240000,13.330000,4352077
2019-10-15T00:00:00Z,1785,13.490000,13.570000,13.915000,13.370000,2832472
2019-10-16T00:00:00Z,1786,13.490000,13.250000,13.880000,13.210000,2148367
2019-10-17T00:00:00Z,1787,13.250000,13.480000,13.610000,12.850000,3186839
2019-10-18T00:00:00Z,1788,13.440000,12.430000,13.540000,12.430000,3066763
2019-10-21T00:00:00Z,1791,12.420000,12.490000,12.670000,12.160000,2807664
2019-10-22T00:00:00Z,1792,12.510000,13.020000,13.510000,12.470000,3262016
2019-10-23T00:00:00Z,1793,13.020000,13.580000,13.675000,12.690000,2354445
2019-10-24T00:00:00Z,1794,13.620000,13.650000,13.710000,13.330000,2382211
2019-10-25T00:00:00Z,1795,13.590000,14.030000,14.130000,13.490000,2629682
2019-10-28T00:00:00Z,1798,14.110000,14.090000,14.430000,13.900000,2615308
2019-10-29T00:00:00Z,1799,13.970000,14.780000,14.960000,13.880000,3666359
2019-10-30T00:00:00Z,1800,15.260000,13.900000,15.300000,13.610000,7185501
2019-10-31T00:00:00Z,1801,13.810000,13.910000,14.086800,13.400000,3962393
2019-11-01T00:00:00Z,1802,14.160000,14.520000,14.615000,14.000000,2857719
2019-11-04T00:00:00Z,1805,14.890000,14.960000,15.380000,14.820000,4076725
2019-11-05T00:00:00Z,1806,15.210000,15.560000,16.060000,15.020000,3243688
2019-11-06T00:00:00Z,1807,15.400000,14.980000,15.700000,14.925000,2422665
2019-11-07T00:00:00Z,1808,15.330000,15.050000,15.560000,14.960000,2469799
2019-11-08T00:00:00Z,1809,14.780000,15.250000,15.330000,14.630000,1882859
2019-11-11T00:00:00Z,1812,14.870000,14.780000,15.270000,14.730000,1496837
2019-11-12T00:00:00Z,1813,14.970000,14.890000,15.170000,14.675000,1888405
2019-11-13T00:00:00Z,1814,14.730000,14.320000,14.880000,14.230000,2387286
2019-11-14T00:00:00Z,1815,14.410000,14.240000,14.630000,14.080000,2125795
2019-11-15T00:00:00Z,1816,14.650000,14.850000,15.020000,14.540000,2349913
2019-11-18T00:00:00Z,1819,14.610000,14.290000,14.790000,13.845000,2582639
2019-11-19T00:00:00Z,1820,14.260000,14.030000,14.340000,13.760000,3064409
2019-11-20T00:00:00Z,1821,13.990000,14.330000,14.640000,13.700000,2549824
2019-11-21T00:00:00Z,1822,14.510000,14.480000,14.650000,14.060000,2994799
2019-11-22T00:00:00Z,1823,14.530000,14.350000,14.690000,13.970000,2748693
2019-11-25T00:00:00Z,1826,14.300000,14.960000,14.970000,14.200000,2364127
2019-11-26T00:00:00Z,1827,15.100000,14.480000,15.100000,14.420000,1722600
2019-11-27T00:00:00Z,1828,14.480000,14.530000,14.600000,14.190000,1554496
2019-11-29T00:00:00Z,1830,14.310000,14.080000,14.490000,14.050000,936012
2019-12-02T00:00:00Z,1834,14.270000,14.080000,14.480000,13.870000,2519167
2019-12-03T00:00:00Z,1835,14.100000,13.700000,14.180000,13.555000,2897346
2019-12-04T00:00:00Z,1836,14.100000,14.470000,14.580000,13.970000,2747610
2019-12-05T00:00:00Z,1837,14.600000,14.310000,14.730100,14.270000,3266973
2019-12-06T00:00:00Z,1838,14.440000,14.820000,15.010000,14.320000,3350434
2019-12-09T00:00:00Z,1841,14.570000,14.930000,15.090000,14.560000,3295626
2019-12-10T00:00:00Z,1842,14.970000,15.050000,15.150000,14.800000,1933193
2019-12-11T00:00:00Z,1843,15.040000,15.090000,15.290000,14.930000,1591046
2019-12-12T00:00:00Z,1844,15.200000,15.890000,15.990000,15.060000,2733578
2019-12-13T00:00:00Z,1845,15.910000,15.500000,16.180000,15.290000,2591506
2019-12-16T00:00:00Z,1848,15.810000,16.080000,16.600000,15.755000,3366858
2019-12-17T00:00:00Z,1849,16.140000,16.600000,16.625000,16.110000,2226378
2019-12-18T00:00:00Z,1850,16.450000,16.940000,17.200000,16.450000,2499455
2019-12-19T00:00:00Z,1851,16.900000,17.270000,17.580000,16.840000,4618968
2019-12-20T00:00:00Z,1852,17.290000,17.120000,17.290000,16.940000,4347697
2019-12-23T00:00:00Z,1855,17.190000,17.720000,17.770000,17.080000,2024904
2019-12-24T00:00:00Z,1856,17.700000,17.600000,17.860000,17.520000,594363
2019-12-26T00:00:00Z,1858,17.780000,17.860000,18.015000,17.755000,1370285
2019-12-27T00:00:00Z,1859,17.980000,17.640000,18.001900,17.610000,1729047
2019-12-30T00:00:00Z,1862,17.670000,17.670000,17.980000,17.600000,1467225
2019-12-31T00:00:00Z,1863,17.450000,17.970000,18.230000,17.335000,1929516
2020-01-02T00:00:00Z,1858,18.180000,18.150000,18.250000,17.970000,2487533
2020-01-03T00:00:00Z,1859,18.800000,19.240000,19.290000,18.690000,3101210
2020-01-06T00:00:00Z,1862,19.400000,19.570000,19.825000,19.325000,2986110
2020-01-07T00:00:00Z,1863,19.430000,19.660000,19.670000,19.280000,2014870
2020-01-08T00:00:00Z,1864,19.710000,18.710000,19.732300,18.520000,2737366
2020-01-09T00:00:00Z,1865,18.600000,18.410000,18.725000,18.070000,2701386
2020-01-10T00:00:00Z,1866,18.220000,18.210000,18.390000,17.870000,1956927
2020-01-13T00:00:00Z,1869,18.130000,17.330000,18.150300,17.200000,2491664
2020-01-14T00:00:00Z,1870,17.350000,17.290000,17.510000,17.110000,2308690
2020-01-15T00:00:00Z,1871,17.090000,16.910000,17.200000,16.645000,2595044
2020-01-16T00:00:00Z,1872,17.030000,17.060000,17.325000,16.960000,1986211
2020-01-17T00:00:00Z,1873,17.140000,16.930000,17.240000,16.890000,1975403
2020-01-21T00:00:00Z,1877,16.750000,16.760000,16.882500,16.480000,2671458
2020-01-22T00:00:00Z,1878,16.770000,16.210000,16.770000,16.130000,2078717
2020-01-23T00:00:00Z,1879,15.890000,16.120000,16.310000,15.610000,2538765
2020-01-24T00:00:00Z,1880,16.080000,15.800000,16.080000,15.340000,1934264
2020-01-27T00:00:00Z,1883,15.300000,15.270000,15.410000,15.060000,2494477
2020-01-28T00:00:00Z,1884,15.420000,15.550000,15.720000,15.190000,2201790
2020-01-29T00:00:00Z,1885,15.650000,15.290000,15.820000,15.165000,1602039
2020-01-30T00:00:00Z,1886,14.960000,15.290000,15.365000,14.900000,1950330
2020-01-31T00:00:00Z,1887,14.900000,14.670000,14.990000,14.500000,2678498
2020-02-03T00:00:00Z,1890,14.590000,14.220000,14.840000,14.120000,2017357
2020-02-04T00:00:00Z,1891,14.610000,14.260000,14.700000,14.165000,2220371
2020-02-05T00:00:00Z,1892,14.210000,14.910000,15.170000,14.210000,3117846
2020-02-06T00:00:00Z,1893,14.960000,14.310000,14.960000,14.060000,3136280
2020-02-07T00:00:00Z,1894,14.000000,13.660000,14.035000,13.515000,2708510
2020-02-10T00:00:00Z,1897,13.430000,13.200000,13.550000,13.000000,3042637
2020-02-11T00:00:00Z,1898,13.520000,13.240000,13.760000,13.180000,2995728
2020-02-12T00:00:00Z,1899,13.630000,13.480000,13.890000,13.250000,2448067
2020-02-13T00:00:00Z,1900,13.300000,13.010000,13.590000,12.930000,3061690
2020-02-14T00:00:00Z,1901,13.110000,12.940000,13.170000,12.760000,2881017
2020-02-18T00:00:00Z,1905,12.720000,12.530000,12.810000,12.180000,3510552
2020-02-19T00:00:00Z,1906,12.640000,13.070000,13.195000,12.473100,3596517
2020-02-20T00:00:00Z,1907,13.210000,13.010000,13.650000,12.965000,3555638
2020-02-21T00:00:00Z,1908,12.760000,12.640000,12.780000,12.394800,1971565
2020-02-24T00:00:00Z,1911,12.010000,12.200000,12.215000,11.370000,5652428
2020-02-25T00:00:00Z,1912,12.260000,10.870000,12.260000,10.575000,7670781
2020-02-26T00:00:00Z,1913,11.300000,10.760000,11.570000,10.470000,7615628
2020-02-27T00:00:00Z,1914,10.330000,9.590000,10.445000,9.580000,6110488
2020-02-28T00:00:00Z,1915,9.020000,9.640000,9.640000,9.000000,7321678
2020-03-02T00:00:00Z,1920,10.110000,10.070000,10.250000,9.330000,6813096
2020-03-03T00:00:00Z,1921,10.190000,9.700000,10.200000,9.420000,5352815
2020-03-04T00:00:00Z,1922,10.070000,9.770000,10.090000,9.520000,4294278
2020-03-05T00:00:00Z,1923,9.470000,9.090000,9.610000,8.940000,4571839
2020-03-06T00:00:00Z,1924,8.670000,6.550000,8.950000,6.470000,8772171
2020-03-09T00:00:00Z,1927,3.060000,2.350000,3.210000,1.860000,29637474
2020-03-10T00:00:00Z,1928,3.730000,2.410000,3.880000,2.210000,23112484
2020-03-11T00:00:00Z,1929,2.390000,1.980000,2.450000,1.850000,19649985
2020-03-12T00:00:00Z,1930,1.730000,2.020000,2.220000,1.590000,17615036
2020-03-13T00:00:00Z,1931,2.170000,2.640000,2.640000,1.870000,16411685
2020-03-16T00:00:00Z,1934,1.900000,1.750000,2.120000,1.740000,12349163
2020-03-17T00:00:00Z,1935,1.810000,1.430000,1.830000,1.420000,15261207
2020-03-18T00:00:00Z,1936,1.340000,1.200000,1.380000,1.110000,7944561
2020-03-19T00:00:00Z,1937,1.220000,1.550000,1.790000,1.210000,11941628
2020-03-20T00:00:00Z,1938,1.700000,1.720000,1.830000,1.540000,16562583
2020-03-23T00:00:00Z,1941,1.740000,1.980000,2.050000,1.540000,10057483
2020-03-24T00:00:00Z,1942,2.180000,2.690000,2.750000,2.110000,14457074
2020-03-25T00:00:00Z,1943,2.900000,2.810000,3.080000,2.220000,11791671
2020-03-26T00:00:00Z,1944,2.760000,2.720000,3.050000,2.631300,6858417
2020-03-27T00:00:00Z,1945,2.500000,2.350000,2.650000,2.300000,8378339
2020-03-30T00:00:00Z,1948,2.230000,2.220000,2.300000,1.920000,8205683
2020-03-31T00:00:00Z,1949,2.300000,2.480000,2.490000,2.270100,5583448
2020-04-01T00:00:00Z,1950,2.300000,2.160000,2.340000,2.010000,9187952
2020-04-02T00:00:00Z,1951,2.310000,2.660000,2.940000,2.220000,11584053
2020-04-03T00:00:00Z,1952,2.800000,2.770000,2.940000,2.370000,9477926
2020-04-06T00:00:00Z,1955,2.780000,2.690000,2.900000,2.510000,6425394
2020-04-07T00:00:00Z,1956,2.900000,2.790000,3.040000,2.690000,7564104
2020-04-08T00:00:00Z,1957,2.890000,3.190000,3.230000,2.850000,5721259
2020-04-09T00:00:00Z,1958,3.810000,3.210000,4.200000,3.210000,13262639
2020-04-13T00:00:00Z,1962,3.530000,3.380000,3.740000,3.220000,5994262
2020-04-14T00:00:00Z,1963,3.440000,3.330000,3.550000,3.160000,7116262
2020-04-15T00:00:00Z,1964,3.020000,3.200000,3.200000,2.810000,6698751
2020-04-16T00:00:00Z,1965,3.160000,3.050000,3.180000,2.980000,4423212
2020-04-17T00:00:00Z,1966,3.020000,3.420000,3.430000,2.900000,5131172
2020-04-20T00:00:00Z,1969,2.810000,3.210000,3.540000,2.760000,9467540
2020-04-21T00:00:00Z,1970,3.010000,3.360000,3.440000,2.910000,6272912
2020-04-22T00:00:00Z,1971,3.520000,3.710000,3.810000,3.450000,5198172
2020-04-23T00:00:00Z,1972,4.000000,4.380000,4.440000,3.800000,6507591
2020-04-24T00:00:00Z,1973,4.540000,4.410000,4.779900,4.020000,5322129
2020-04-27T00:00:00Z,1976,4.380000,4.480000,4.490000,3.950000,5161823
2020-04-28T00:00:00Z,1977,4.520000,4.930000,4.930000,4.520000,3686883
2020-04-29T00:00:00Z,1978,5.420000,6.700000,6.785000,5.260000,11027810
2020-04-30T00:00:00Z,1979,7.350000,7.040000,9.400000,6.570000,27889761
2020-05-01T00:00:00Z,1981,7.060000,6.490000,7.360000,5.820000,10138872
2020-05-04T00:00:00Z,1984,6.010000,6.930000,6.980000,5.510000,6896227
2020-05-05T00:00:00Z,1985,7.450000,6.830000,7.600000,6.670000,6936696
2020-05-06T00:00:00Z,1986,6.820000,6.380000,7.160000,6.290000,6169671
2020-05-07T00:00:00Z,1987,6.770000,6.750000,6.975000,6.540000,4894370
2020-05-08T00:00:00Z,1988,6.990000,7.610000,7.655000,6.890000,5993965
2020-05-11T00:00:00Z,1991,7.520000,7.800000,8.040000,7.460000,6552808
2020-05-12T00:00:00Z,1992,7.960000,7.820000,8.159100,7.685000,5245820
2020-05-13T00:00:00Z,1993,7.820000,7.340000,7.820000,7.010000,5327116
2020-05-14T00:00:00Z,1994,7.140000,6.850000,7.390000,6.750000,5728461
2020-05-15T00:00:00Z,1995,6.910000,7.220000,7.500000,6.715000,5834697
2020-05-18T00:00:00Z,1998,8.010000,8.380000,8.445000,7.631800,7691316
2020-05-19T00:00:00Z,1999,8.460000,7.860000,8.550000,7.850000,4155566
2020-05-20T00:00:00Z,2000,8.200000,8.200000,8.290000,7.870000,4904831
2020-05-21T00:00:00Z,2001,8.290000,8.420000,8.660000,8.020000,5452470
2020-05-22T00:00:00Z,2002,8.260000,8.380000,8.425000,7.950000,4087915
2020-05-26T00:00:00Z,2006,8.850000,8.590000,8.850000,8.470000,4205812
2020-05-27T00:00:00Z,2007,8.600000,8.630000,8.820000,8.210000,4974372
2020-05-28T00:00:00Z,2008,8.550000,8.100000,8.600000,8.030000,3949455
2020-05-29T00:00:00Z,2009,7.990000,7.840000,8.080000,7.640000,4816083
2020-06-01T00:00:00Z,2012,7.770000,8.230000,8.405000,7.680000,4076582
2020-06-02T00:00:00Z,2013,8.370000,8.720000,8.750000,8.300000,3767781
2020-06-03T00:00:00Z,2014,8.760000,8.540000,8.960000,8.310000,5229207
2020-06-04T00:00:00Z,2015,8.370000,8.850000,9.020000,8.320000,3424534
2020-06-05T00:00:00Z,2016,9.350000,11.050000,11.060000,9.320000,7928939
2020-06-08T00:00:00Z,2019,11.890000,12.210000,12.770000,11.550000,7442454
2020-06-09T00:00:00Z,2020,10.990000,11.040000,11.355000,10.480000,5261896
2020-06-10T00:00:00Z,2021,10.640000,9.550000,10.900000,9.540000,6592488
2020-06-11T00:00:00Z,2022,8.600000,8.510000,9.277400,8.150000,5222652
2020-06-12T00:00:00Z,2023,9.360000,9.570000,9.630000,8.770000,5657724
2020-06-15T00:00:00Z,2026,9.020000,10.210000,10.660000,8.850100,6451228
2020-06-16T00:00:00Z,2027,11.110000,10.550000,11.110000,10.130000,4525924
2020-06-17T00:00:00Z,2028,10.490000,9.940000,10.600000,9.920000,3563859
2020-06-18T00:00:00Z,2029,9.790000,10.080000,10.740000,9.620000,4477049
2020-06-19T00:00:00Z,2030,10.490000,10.210000,10.600000,10.070000,22156937
2020-06-22T00:00:00Z,2033,10.200000,10.300000,10.510000,10.000000,2893255
2020-06-23T00:00:00Z,2034,10.510000,10.100000,10.580000,10.000000,3170755
2020-06-24T00:00:00Z,2035,9.770000,8.660000,9.890000,8.550000,5839447
2020-06-25T00:00:00Z,2036,8.500000,8.710000,9.140000,8.350000,6623369
2020-06-26T00:00:00Z,2037,8.470000,7.900000,8.580000,7.870000,4258119
2020-06-29T00:00:00Z,2040,8.000000,8.340000,8.500000,7.720000,3826159
2020-06-30T00:00:00Z,2041,8.170000,8.500000,8.560000,8.040000,3412120
2020-07-01T00:00:00Z,2043,8.510000,8.170000,8.690000,8.025000,3974311
2020-07-02T00:00:00Z,2044,8.520000,7.980000,8.620000,7.880000,2821595
2020-07-06T00:00:00Z,2048,8.170000,8.030000,8.190000,7.780000,3358392
2020-07-07T00:00:00Z,2049,7.860000,7.410000,7.890000,7.410000,3441345
2020-07-08T00:00:00Z,2050,7.460000,7.890000,7.965000,7.280000,3541054
2020-07-09T00:00:00Z,2051,7.870000,7.330000,7.910000,7.280000,2747074
2020-07-10T00:00:00Z,2052,7.300000,7.720000,7.720000,7.230000,2973656
2020-07-13T00:00:00Z,2055,7.860000,7.760000,8.255000,7.520000,3265321
2020-07-14T00:00:00Z,2056,8.080000,8.550000,8.560000,7.850100,4812368
2020-07-15T00:00:00Z,2057,8.820000,8.890000,8.940000,8.185000,3917426
2020-07-16T00:00:00Z,2058,8.800000,8.960000,9.195000,8.581300,3200914
2020-07-17T00:00:00Z,2059,8.980000,8.660000,9.250000,8.619900,2282009
2020-07-20T00:00:00Z,2062,8.820000,8.700000,9.161300,8.690000,3636446
2020-07-21T00:00:00Z,2063,8.990000,9.570000,9.910000,8.930000,5966629
2020-07-22T00:00:00Z,2064,9.710000,9.590000,9.740000,9.220000,3180670
2020-07-23T00:00:00Z,2065,9.190000,9.270000,9.295000,8.675000,4957450
2020-07-24T00:00:00Z,2066,9.240000,9.030000,9.490000,9.010000,2617671
2020-07-27T00:00:00Z,2069,9.160000,9.130000,9.300000,8.865000,3025987
2020-07-28T00:00:00Z,2070,9.030000,9.020000,9.370000,8.970000,3978668
2020-07-29T00:00:00Z,2071,9.000000,9.310000,9.460000,8.620000,6199827
2020-07-30T00:00:00Z,2072,8.910000,8.930000,9.120000,8.588700,3576890
2020-07-31T00:00:00Z,2073,8.810000,8.680000,8.820000,8.320000,3993581
2020-08-03T00:00:00Z,2076,8.590000,8.610000,8.705000,8.380000,2823639
2020-08-04T00:00:00Z,2077,8.530000,8.930000,8.950000,8.510000,2123824
2020-08-05T00:00:00Z,2078,9.200000,9.440000,9.490000,9.080100,3091991
2020-08-06T00:00:00Z,2079,9.350000,9.000000,9.350000,8.900000,3224176
2020-08-07T00:00:00Z,2080,8.900000,9.200000,9.270000,8.720000,2228273
2020-08-10T00:00:00Z,2083,9.370000,9.870000,10.000000,9.320000,2615225
2020-08-11T00:00:00Z,2084,10.200000,9.700000,10.415000,9.700000,3236767
2020-08-12T00:00:00Z,2085,10.020000,9.830000,10.220000,9.615000,2473526
2020-08-13T00:00:00Z,2086,9.750000,9.600000,9.910000,9.525000,1902145
2020-08-14T00:00:00Z,2087,9.450000,9.860000,9.940000,9.390000,1562634
2020-08-17T00:00:00Z,2090,9.860000,9.870000,9.950000,9.520000,1554395
2020-08-18T00:00:00Z,2091,9.620000,9.640000,9.790000,9.440000,2673852
2020-08-19T00:00:00Z,2092,9.790000,10.020000,10.300000,9.670000,4365819
2020-08-20T00:00:00Z,2093,9.870000,9.680000,10.020000,9.660000,2971636
2020-08-21T00:00:00Z,2094,9.640000,9.050000,9.745000,9.005000,3309998
2020-08-24T00:00:00Z,2097,9.340000,9.670000,9.790000,9.130000,3322430
2020-08-25T00:00:00Z,2098,9.870000,9.950000,10.055000,9.670000,1685660
2020-08-26T00:00:00Z,2099,9.900000,9.600000,9.970000,9.510000,1683059
2020-08-27T00:00:00Z,2100,9.680000,9.900000,9.950000,9.360000,2208841
2020-08-28T00:00:00Z,2101,9.870000,9.980000,10.030000,9.700000,1922580
2020-08-31T00:00:00Z,2104,9.910000,9.730000,9.985000,9.645000,2834823
2020-09-01T00:00:00Z,2105,9.640000,10.170000,10.295000,9.530000,3090394
2020-09-02T00:00:00Z,2106,10.060000,9.340000,10.080000,9.275000,5242318
2020-09-03T00:00:00Z,2107,9.240000,9.400000,9.710000,9.200000,2427603
2020-09-04T00:00:00Z,2108,9.570000,9.510000,9.735000,9.200000,1766504
2020-09-08T00:00:00Z,2112,9.110000,8.740000,9.150000,8.548700,2203734
2020-09-09T00:00:00Z,2113,8.990000,9.140000,9.220000,8.720000,1538910
2020-09-10T00:00:00Z,2114,9.050000,8.170000,9.090000,8.160000,2889979
2020-09-11T00:00:00Z,2115,8.210000,8.010000,8.370000,7.865000,1992558
2020-09-14T00:00:00Z,2118,8.240000,8.530000,8.660000,7.980000,2269717
2020-09-15T00:00:00Z,2119,8.670000,8.670000,8.920000,8.465000,2091873
2020-09-16T00:00:00Z,2120,8.810000,9.050000,9.390000,8.725000,2961987
2020-09-17T00:00:00Z,2121,8.840000,9.020000,9.080000,8.610000,2774951
2020-09-18T00:00:00Z,2122,9.040000,8.850000,9.120000,8.580000,4559650
2020-09-21T00:00:00Z,2125,8.490000,8.540000,8.600000,7.990000,3000745
2020-09-22T00:00:00Z,2126,8.890000,8.820000,9.410000,8.700000,2593513
2020-09-23T00:00:00Z,2127,8.880000,8.070000,8.900000,8.070000,2520196
2020-09-24T00:00:00Z,2128,8.000000,8.080000,8.335000,7.840000,2321961
2020-09-25T00:00:00Z,2129,7.930000,8.080000,8.140000,7.710000,3826144
2020-09-28T00:00:00Z,2132,8.320000,8.580000,8.740000,8.160000,2664441
2020-09-29T00:00:00Z,2133,8.540000,8.340000,8.570000,7.870100,2316505
2020-09-30T00:00:00Z,2134,8.330000,8.260000,8.665000,8.205000,2608361
2020-10-01T00:00:00Z,2136,8.070000,8.100000,8.190000,7.820000,3009043
2020-10-02T00:00:00Z,2137,7.740000,8.290000,8.420000,7.740000,3156975
2020-10-05T00:00:00Z,2140,8.520000,8.800000,8.860000,8.460000,2551669
2020-10-06T00:00:00Z,2141,9.000000,8.320000,9.198400,8.310000,2447171
2020-10-07T00:00:00Z,2142,8.440000,8.730000,8.780000,8.300000,2352175
2020-10-08T00:00:00Z,2143,8.850000,9.400000,9.400000,8.680000,2477859
2020-10-09T00:00:00Z,2144,9.450000,9.140000,9.560000,9.060000,2291122
2020-10-12T00:00:00Z,2147,9.030000,8.950000,9.045000,8.605000,1870578
2020-10-13T00:00:00Z,2148,8.930000,8.770000,9.060000,8.660000,1634558
2020-10-14T00:00:00Z,2149,8.870000,8.940000,9.402800,8.740000,3778786
2020-10-15T00:00:00Z,2150,8.690000,9.060000,9.090000,8.440000,2337822
2020-10-16T00:00:00Z,2151,8.950000,8.590000,9.070000,8.590000,1590845
2020-10-19T00:00:00Z,2154,8.660000,8.160000,8.762700,8.160000,2430764
2020-10-20T00:00:00Z,2155,8.250000,8.570000,8.780000,8.130000,2698632
2020-10-21T00:00:00Z,2156,8.420000,8.390000,8.645000,8.230000,2595666
2020-10-22T00:00:00Z,2157,8.460000,8.870000,8.920000,8.365000,3402485
2020-10-23T00:00:00Z,2158,8.970000,8.990000,9.150000,8.735000,1641864
2020-10-26T00:00:00Z,2161,8.740000,8.180000,8.740000,8.100000,2699262
2020-10-27T00:00:00Z,2162,8.120000,8.160000,8.255000,8.040000,2309887
2020-10-28T00:00:00Z,2163,7.830000,6.960000,7.960000,6.740000,7659726
2020-10-29T00:00:00Z,2164,6.700000,6.910000,7.050000,6.290000,4745431
2020-10-30T00:00:00Z,2165,6.810000,7.070000,7.120000,6.690000,3089029
2020-11-02T00:00:00Z,2168,7.100000,7.210000,7.390000,6.760000,4179019
2020-11-03T00:00:00Z,2169,7.520000,7.310000,7.900000,7.220000,4932219
2020-11-04T00:00:00Z,2170,7.430000,6.930000,7.480000,6.870000,5729913
2020-11-05T00:00:00Z,2171,6.930000,7.180000,7.550000,6.890000,3982970
2020-11-06T00:00:00Z,2172,7.300000,6.480000,7.345000,6.470000,3691694
2020-11-09T00:00:00Z,2175,7.530000,8.320000,8.565000,7.260000,7502709
2020-11-10T00:00:00Z,2176,8.580000,8.480000,8.580000,7.737300,3529419
2020-11-11T00:00:00Z,2177,8.570000,8.140000,8.610000,7.930000,2854496
2020-11-12T00:00:00Z,2178,7.930000,7.590000,8.050000,7.500000,3115065
2020-11-13T00:00:00Z,2179,7.630000,8.160000,8.280000,7.600000,5761007
2020-11-16T00:00:00Z,2182,8.570000,8.810000,8.940000,8.420000,2831516
2020-11-17T00:00:00Z,2183,8.550000,9.090000,9.250000,8.430000,2674370
2020-11-18T00:00:00Z,2184,9.230000,9.090000,9.830000,9.080000,3121512
2020-11-19T00:00:00Z,2185,9.020000,9.420000,9.460000,8.910000,2074999
2020-11-20T00:00:00Z,2186,9.330000,9.540000,9.590000,9.180000,2162169
2020-11-23T00:00:00Z,2189,9.850000,10.630000,10.780000,9.660000,4603926
2020-11-24T00:00:00Z,2190,11.170000,11.660000,11.780000,11.092500,3709677
2020-11-25T00:00:00Z,2191,11.500000,11.510000,11.680000,10.970000,4223703
2020-11-27T00:00:00Z,2193,11.370000,10.980000,11.550000,10.840000,1344998
2020-11-30T00:00:00Z,2196,10.710000,10.180000,11.080000,10.160000,2836148
2020-12-01T00:00:00Z,2198,10.640000,10.300000,10.785000,10.165000,1781110
2020-12-02T00:00:00Z,2199,10.300000,10.560000,11.220000,10.220000,2547599
2020-12-03T00:00:00Z,2200,10.650000,10.650000,10.900000,10.420000,2824875
2020-12-04T00:00:00Z,2201,11.000000,11.750000,11.795000,11.000000,3226280
2020-12-07T00:00:00Z,2204,11.540000,11.360000,11.925000,11.270100,2666973
2020-12-08T00:00:00Z,2205,11.350000,11.980000,12.030000,11.320000,3461479
2020-12-09T00:00:00Z,2206,12.130000,12.110000,12.560000,11.720000,3052685
2020-12-10T00:00:00Z,2207,12.240000,13.280000,13.560000,12.131000,3243460
2020-12-11T00:00:00Z,2208,13.060000,13.300000,13.310000,12.550000,2508911
2020-12-14T00:00:00Z,2211,13.770000,12.200000,13.840000,12.180000,3796007
2020-12-15T00:00:00Z,2212,12.440000,12.440000,12.600000,11.965000,2563612
2020-12-16T00:00:00Z,2213,12.450000,12.070000,12.540000,11.970000,2579005
2020-12-17T00:00:00Z,2214,12.660000,12.400000,12.920000,12.090000,3071711
2020-12-18T00:00:00Z,2215,12.410000,12.180000,12.670000,11.830000,7579121
2020-12-21T00:00:00Z,2218,11.330000,11.930000,12.130000,11.240000,2502110
2020-12-22T00:00:00Z,2219,11.840000,11.860000,12.115000,11.640000,2622689
2020-12-23T00:00:00Z,2220,12.130000,12.390000,12.820000,12.000000,2701212
2020-12-24T00:00:00Z,2221,12.460000,12.040000,12.460000,11.860000,1494759
2020-12-28T00:00:00Z,2225,12.160000,12.010000,12.335900,11.863000,3717133
2020-12-29T00:00:00Z,2226,12.030000,12.000000,12.250000,11.825000,1799824
2020-12-30T00:00:00Z,2227,12.130000,12.500000,13.119000,12.000000,3269095
2020-12-31T00:00:00Z,2228,12.350000,12.060000,12.450000,11.980000,2024035
2021-01-04T00:00:00Z,2225,12.320000,12.490000,12.782500,12.020000,2178789
2021-01-05T00:00:00Z,2226,12.760000,14.260000,15.111500,12.760000,4845918
2021-01-06T00:00:00Z,2227,14.670000,14.770000,15.350000,14.180000,3488644
